GAS LISTING /tmp/ccxAiwcV.s 			page 1


   1              		.file	"riscv.cpp"
   2              		.option pic
   3              		.option norelax
   4              		.text
   5              	.Ltext0:
   6              		.align	2
   7              		.globl	_ZN5Riscv10popSppSpieEv
   9              	_ZN5Riscv10popSppSpieEv:
  10              	.LFB57:
  11              		.file 1 "src/riscv.cpp"
   1:src/riscv.cpp **** 
   2:src/riscv.cpp **** #include "../h/riscv.hpp"
   3:src/riscv.cpp **** #include "../h/tcb.hpp"
   4:src/riscv.cpp **** #include "../lib/console.h"
   5:src/riscv.cpp **** #include "../h/semaphore.hpp"
   6:src/riscv.cpp **** 
   7:src/riscv.cpp **** 
   8:src/riscv.cpp **** void Riscv::popSppSpie()
   9:src/riscv.cpp **** {
  12              		.loc 1 9 1
  13              		.cfi_startproc
  14 0000 130101FF 		addi	sp,sp,-16
  15              		.cfi_def_cfa_offset 16
  16 0004 23348100 		sd	s0,8(sp)
  17              		.cfi_offset 8, -8
  18 0008 13040101 		addi	s0,sp,16
  19              		.cfi_def_cfa 8, 0
  10:src/riscv.cpp **** //    Riscv::mc_sstatus(Riscv::SSTATUS_SPP);
  11:src/riscv.cpp ****     mc_sstatus(SSTATUS_SPP);
  20              		.loc 1 11 5
  21              	.LVL0:
  22              	.LBB56:
  23              	.LBB57:
  24              		.file 2 "src/../h/riscv.hpp"
   1:src/../h/riscv.hpp **** //
   2:src/../h/riscv.hpp **** // Created by marko on 20.4.22..
   3:src/../h/riscv.hpp **** //
   4:src/../h/riscv.hpp **** 
   5:src/../h/riscv.hpp **** #ifndef OS1_VEZBE07_RISCV_CONTEXT_SWITCH_2_INTERRUPT_RISCV_HPP
   6:src/../h/riscv.hpp **** #define OS1_VEZBE07_RISCV_CONTEXT_SWITCH_2_INTERRUPT_RISCV_HPP
   7:src/../h/riscv.hpp **** 
   8:src/../h/riscv.hpp **** #include "../lib/hw.h"
   9:src/../h/riscv.hpp **** 
  10:src/../h/riscv.hpp **** class Riscv
  11:src/../h/riscv.hpp **** {
  12:src/../h/riscv.hpp **** public:
  13:src/../h/riscv.hpp **** 
  14:src/../h/riscv.hpp ****     // pop sstatus.spp and sstatus.spie bits (has to be a non inline function)
  15:src/../h/riscv.hpp ****     static void popSppSpie();
  16:src/../h/riscv.hpp **** 
  17:src/../h/riscv.hpp ****     // read register scause
  18:src/../h/riscv.hpp ****     static uint64 r_scause();
  19:src/../h/riscv.hpp **** 
  20:src/../h/riscv.hpp ****     // write register scause
  21:src/../h/riscv.hpp ****     static void w_scause(uint64 scause);
  22:src/../h/riscv.hpp **** 
  23:src/../h/riscv.hpp ****     // read register sepc
GAS LISTING /tmp/ccxAiwcV.s 			page 2


  24:src/../h/riscv.hpp ****     static volatile uint64 r_sepc();
  25:src/../h/riscv.hpp **** 
  26:src/../h/riscv.hpp ****     // write register sepc
  27:src/../h/riscv.hpp ****     static void w_sepc(uint64 sepc);
  28:src/../h/riscv.hpp **** 
  29:src/../h/riscv.hpp ****     // read register stvec
  30:src/../h/riscv.hpp ****     static uint64 r_stvec();
  31:src/../h/riscv.hpp **** 
  32:src/../h/riscv.hpp ****     // write register stvec
  33:src/../h/riscv.hpp ****     static void w_stvec(uint64 stvec);
  34:src/../h/riscv.hpp **** 
  35:src/../h/riscv.hpp ****     // read register stval
  36:src/../h/riscv.hpp ****     static uint64 r_stval();
  37:src/../h/riscv.hpp **** 
  38:src/../h/riscv.hpp ****     // write register stval
  39:src/../h/riscv.hpp ****     static void w_stval(uint64 stval);
  40:src/../h/riscv.hpp **** 
  41:src/../h/riscv.hpp ****     enum BitMaskSip
  42:src/../h/riscv.hpp ****     {
  43:src/../h/riscv.hpp ****         SIP_SSIP = (1 << 1),
  44:src/../h/riscv.hpp ****         SIP_STIP = (1 << 5),
  45:src/../h/riscv.hpp ****         SIP_SEIP = (1 << 9),
  46:src/../h/riscv.hpp ****     };
  47:src/../h/riscv.hpp **** 
  48:src/../h/riscv.hpp ****     // mask set register sip
  49:src/../h/riscv.hpp ****     static void ms_sip(uint64 mask);
  50:src/../h/riscv.hpp **** 
  51:src/../h/riscv.hpp ****     // mask clear register sip
  52:src/../h/riscv.hpp ****     static void mc_sip(uint64 mask);
  53:src/../h/riscv.hpp **** 
  54:src/../h/riscv.hpp ****     // read register sip
  55:src/../h/riscv.hpp ****     static uint64 r_sip();
  56:src/../h/riscv.hpp **** 
  57:src/../h/riscv.hpp ****     // write register sip
  58:src/../h/riscv.hpp ****     static void w_sip(uint64 sip);
  59:src/../h/riscv.hpp **** 
  60:src/../h/riscv.hpp ****     enum BitMaskSstatus
  61:src/../h/riscv.hpp ****     {
  62:src/../h/riscv.hpp ****         SSTATUS_SIE = (1 << 1),
  63:src/../h/riscv.hpp ****         SSTATUS_SPIE = (1 << 5),
  64:src/../h/riscv.hpp ****         SSTATUS_SPP = (1 << 8),
  65:src/../h/riscv.hpp ****     };
  66:src/../h/riscv.hpp **** 
  67:src/../h/riscv.hpp ****     // mask set register sstatus
  68:src/../h/riscv.hpp ****     static void ms_sstatus(uint64 mask);
  69:src/../h/riscv.hpp **** 
  70:src/../h/riscv.hpp ****     // mask clear register sstatus
  71:src/../h/riscv.hpp ****     static void mc_sstatus(uint64 mask);
  72:src/../h/riscv.hpp **** 
  73:src/../h/riscv.hpp ****     // read register sstatus
  74:src/../h/riscv.hpp ****     static uint64 r_sstatus();
  75:src/../h/riscv.hpp **** 
  76:src/../h/riscv.hpp ****     // write register sstatus
  77:src/../h/riscv.hpp ****     static void w_sstatus(uint64 sstatus);
  78:src/../h/riscv.hpp **** 
  79:src/../h/riscv.hpp ****     // supervisor trap
  80:src/../h/riscv.hpp ****     static void supervisorTrap();
GAS LISTING /tmp/ccxAiwcV.s 			page 3


  81:src/../h/riscv.hpp ****     static uint64 r_a0();
  82:src/../h/riscv.hpp ****     static uint64 r_a1();
  83:src/../h/riscv.hpp ****     static uint64 r_a2();
  84:src/../h/riscv.hpp ****     static uint64 r_a3();
  85:src/../h/riscv.hpp ****     static uint64 r_a4();
  86:src/../h/riscv.hpp **** 
  87:src/../h/riscv.hpp **** 
  88:src/../h/riscv.hpp ****     static void pushRegisters();
  89:src/../h/riscv.hpp ****     static void popRegisters();
  90:src/../h/riscv.hpp **** 
  91:src/../h/riscv.hpp **** private:
  92:src/../h/riscv.hpp **** 
  93:src/../h/riscv.hpp ****     // supervisor trap handler
  94:src/../h/riscv.hpp ****     static void handleSupervisorTrap();
  95:src/../h/riscv.hpp **** 
  96:src/../h/riscv.hpp **** };
  97:src/../h/riscv.hpp **** inline uint64 Riscv::r_a0()
  98:src/../h/riscv.hpp **** {
  99:src/../h/riscv.hpp ****     uint64  a0;
 100:src/../h/riscv.hpp ****     __asm__ volatile ("mv %0, a0" : "=r"(a0));
 101:src/../h/riscv.hpp ****     return a0;
 102:src/../h/riscv.hpp **** }
 103:src/../h/riscv.hpp **** 
 104:src/../h/riscv.hpp **** inline uint64 Riscv::r_a1()
 105:src/../h/riscv.hpp **** {
 106:src/../h/riscv.hpp ****     uint64  a0;
 107:src/../h/riscv.hpp ****     __asm__ volatile ("mv %0, a1" : "=r"(a0));
 108:src/../h/riscv.hpp ****     return a0;
 109:src/../h/riscv.hpp **** }
 110:src/../h/riscv.hpp **** 
 111:src/../h/riscv.hpp **** inline uint64 Riscv::r_a2()
 112:src/../h/riscv.hpp **** {
 113:src/../h/riscv.hpp ****     uint64  a0;
 114:src/../h/riscv.hpp ****     __asm__ volatile ("mv %0, a2" : "=r"(a0));
 115:src/../h/riscv.hpp ****     return a0;
 116:src/../h/riscv.hpp **** }
 117:src/../h/riscv.hpp **** inline uint64 Riscv::r_a3()
 118:src/../h/riscv.hpp **** {
 119:src/../h/riscv.hpp ****     uint64  a0;
 120:src/../h/riscv.hpp ****     __asm__ volatile ("mv %0, a3" : "=r"(a0));
 121:src/../h/riscv.hpp ****     return a0;
 122:src/../h/riscv.hpp **** }
 123:src/../h/riscv.hpp **** inline uint64 Riscv::r_a4()
 124:src/../h/riscv.hpp **** {
 125:src/../h/riscv.hpp ****     uint64  a0;
 126:src/../h/riscv.hpp ****     __asm__ volatile ("mv %0, a4" : "=r"(a0));
 127:src/../h/riscv.hpp ****     return a0;
 128:src/../h/riscv.hpp **** }
 129:src/../h/riscv.hpp **** inline uint64 Riscv::r_scause()
 130:src/../h/riscv.hpp **** {
 131:src/../h/riscv.hpp ****     uint64 volatile scause;
 132:src/../h/riscv.hpp ****     __asm__ volatile ("csrr %[scause], scause" : [scause] "=r"(scause));
 133:src/../h/riscv.hpp ****     return scause;
 134:src/../h/riscv.hpp **** }
 135:src/../h/riscv.hpp **** 
 136:src/../h/riscv.hpp **** inline void Riscv::w_scause(uint64 scause)
 137:src/../h/riscv.hpp **** {
GAS LISTING /tmp/ccxAiwcV.s 			page 4


 138:src/../h/riscv.hpp ****     __asm__ volatile ("csrw scause, %[scause]" : : [scause] "r"(scause));
 139:src/../h/riscv.hpp **** }
 140:src/../h/riscv.hpp **** 
 141:src/../h/riscv.hpp **** inline volatile uint64 Riscv::r_sepc()
 142:src/../h/riscv.hpp **** {
 143:src/../h/riscv.hpp ****     uint64 volatile sepc;
 144:src/../h/riscv.hpp ****     __asm__ volatile ("csrr %[sepc], sepc" : [sepc] "=r"(sepc));
 145:src/../h/riscv.hpp ****     return sepc;
 146:src/../h/riscv.hpp **** }
 147:src/../h/riscv.hpp **** 
 148:src/../h/riscv.hpp **** inline void Riscv::w_sepc(uint64 sepc)
 149:src/../h/riscv.hpp **** {
 150:src/../h/riscv.hpp ****     __asm__ volatile ("csrw sepc, %[sepc]" : : [sepc] "r"(sepc));
 151:src/../h/riscv.hpp **** }
 152:src/../h/riscv.hpp **** 
 153:src/../h/riscv.hpp **** inline uint64 Riscv::r_stvec()
 154:src/../h/riscv.hpp **** {
 155:src/../h/riscv.hpp ****     uint64 volatile stvec;
 156:src/../h/riscv.hpp ****     __asm__ volatile ("csrr %[stvec], stvec" : [stvec] "=r"(stvec));
 157:src/../h/riscv.hpp ****     return stvec;
 158:src/../h/riscv.hpp **** }
 159:src/../h/riscv.hpp **** 
 160:src/../h/riscv.hpp **** inline void Riscv::w_stvec(uint64 stvec)
 161:src/../h/riscv.hpp **** {
 162:src/../h/riscv.hpp ****     __asm__ volatile ("csrw stvec, %[stvec]" : : [stvec] "r"(stvec));
 163:src/../h/riscv.hpp **** }
 164:src/../h/riscv.hpp **** 
 165:src/../h/riscv.hpp **** inline uint64 Riscv::r_stval()
 166:src/../h/riscv.hpp **** {
 167:src/../h/riscv.hpp ****     uint64 volatile stval;
 168:src/../h/riscv.hpp ****     __asm__ volatile ("csrr %[stval], stval" : [stval] "=r"(stval));
 169:src/../h/riscv.hpp ****     return stval;
 170:src/../h/riscv.hpp **** }
 171:src/../h/riscv.hpp **** 
 172:src/../h/riscv.hpp **** inline void Riscv::w_stval(uint64 stval)
 173:src/../h/riscv.hpp **** {
 174:src/../h/riscv.hpp ****     __asm__ volatile ("csrw stval, %[stval]" : : [stval] "r"(stval));
 175:src/../h/riscv.hpp **** }
 176:src/../h/riscv.hpp **** 
 177:src/../h/riscv.hpp **** inline void Riscv::ms_sip(uint64 mask)
 178:src/../h/riscv.hpp **** {
 179:src/../h/riscv.hpp ****     __asm__ volatile ("csrs sip, %[mask]" : : [mask] "r"(mask));
 180:src/../h/riscv.hpp **** }
 181:src/../h/riscv.hpp **** 
 182:src/../h/riscv.hpp **** inline void Riscv::mc_sip(uint64 mask)
 183:src/../h/riscv.hpp **** {
 184:src/../h/riscv.hpp ****     __asm__ volatile ("csrc sip, %[mask]" : : [mask] "r"(mask));
 185:src/../h/riscv.hpp **** }
 186:src/../h/riscv.hpp **** 
 187:src/../h/riscv.hpp **** inline uint64 Riscv::r_sip()
 188:src/../h/riscv.hpp **** {
 189:src/../h/riscv.hpp ****     uint64 volatile sip;
 190:src/../h/riscv.hpp ****     __asm__ volatile ("csrr %[sip], sip" : [sip] "=r"(sip));
 191:src/../h/riscv.hpp ****     return sip;
 192:src/../h/riscv.hpp **** }
 193:src/../h/riscv.hpp **** 
 194:src/../h/riscv.hpp **** inline void Riscv::w_sip(uint64 sip)
GAS LISTING /tmp/ccxAiwcV.s 			page 5


 195:src/../h/riscv.hpp **** {
 196:src/../h/riscv.hpp ****     __asm__ volatile ("csrw sip, %[sip]" : : [sip] "r"(sip));
 197:src/../h/riscv.hpp **** }
 198:src/../h/riscv.hpp **** 
 199:src/../h/riscv.hpp **** inline void Riscv::ms_sstatus(uint64 mask)
 200:src/../h/riscv.hpp **** {
 201:src/../h/riscv.hpp ****     __asm__ volatile ("csrs sstatus, %[mask]" : : [mask] "r"(mask));
 202:src/../h/riscv.hpp **** }
 203:src/../h/riscv.hpp **** 
 204:src/../h/riscv.hpp **** inline void Riscv::mc_sstatus(uint64 mask)
 205:src/../h/riscv.hpp **** {
 206:src/../h/riscv.hpp ****     __asm__ volatile ("csrc sstatus, %[mask]" : : [mask] "r"(mask));
  25              		.loc 2 206 5
  26              		.loc 2 206 68 is_stmt 0
  27 000c 93070010 		li	a5,256
  28              	#APP
  29              	# 206 "src/../h/riscv.hpp" 1
 207              	}
  30              		csrc sstatus, a5
  31              	# 0 "" 2
  32              	.LVL1:
  33              	#NO_APP
  34              	.LBE57:
  35              	.LBE56:
  12:src/riscv.cpp ****     __asm__ volatile("csrw sepc, ra");
  36              		.loc 1 12 5 is_stmt 1
  37              		.loc 1 12 38 is_stmt 0
  38              	#APP
  39              	# 12 "src/riscv.cpp" 1
  13              	    __asm__ volatile("sret");
  40              		csrw sepc, ra
  41              	# 0 "" 2
  42              		.loc 1 13 5 is_stmt 1
  43              		.loc 1 13 29 is_stmt 0
  44              	# 13 "src/riscv.cpp" 1
  14              	}
  45              		sret
  46              	# 0 "" 2
  47              		.loc 1 14 1
  48              	#NO_APP
  49 001c 03348100 		ld	s0,8(sp)
  50              		.cfi_restore 8
  51              		.cfi_def_cfa 2, 16
  52 0020 13010101 		addi	sp,sp,16
  53              		.cfi_def_cfa_offset 0
  54 0024 67800000 		jr	ra
  55              		.cfi_endproc
  56              	.LFE57:
  58              		.align	2
  59              		.globl	_ZN5Riscv20handleSupervisorTrapEv
  61              	_ZN5Riscv20handleSupervisorTrapEv:
  62              	.LFB58:
  15:src/riscv.cpp **** 
  16:src/riscv.cpp **** void Riscv::handleSupervisorTrap()
  17:src/riscv.cpp **** {
  63              		.loc 1 17 1 is_stmt 1
  64              		.cfi_startproc
GAS LISTING /tmp/ccxAiwcV.s 			page 6


  65 0028 130101FC 		addi	sp,sp,-64
  66              		.cfi_def_cfa_offset 64
  67 002c 233C1102 		sd	ra,56(sp)
  68 0030 23388102 		sd	s0,48(sp)
  69 0034 23349102 		sd	s1,40(sp)
  70 0038 23302103 		sd	s2,32(sp)
  71              		.cfi_offset 1, -8
  72              		.cfi_offset 8, -16
  73              		.cfi_offset 9, -24
  74              		.cfi_offset 18, -32
  75 003c 13040104 		addi	s0,sp,64
  76              		.cfi_def_cfa 8, 0
  18:src/riscv.cpp ****     uint64 a00 = Riscv::r_a0();
  77              		.loc 1 18 5
  78              	.LBB58:
  79              	.LBB59:
  99:src/../h/riscv.hpp ****     __asm__ volatile ("mv %0, a0" : "=r"(a0));
  80              		.loc 2 99 5
 100:src/../h/riscv.hpp ****     return a0;
  81              		.loc 2 100 5
 100:src/../h/riscv.hpp ****     return a0;
  82              		.loc 2 100 46 is_stmt 0
  83              	#APP
  84              	# 100 "src/../h/riscv.hpp" 1
  85              		mv a5, a0
  86              	# 0 "" 2
  87              	.LVL2:
 101:src/../h/riscv.hpp **** }
  88              		.loc 2 101 5 is_stmt 1
  89              	#NO_APP
  90              	.LBE59:
  91              	.LBE58:
  19:src/riscv.cpp ****     uint64 a01  = Riscv::r_a1();
  92              		.loc 1 19 5
  93              	.LBB60:
  94              	.LBB61:
 106:src/../h/riscv.hpp ****     __asm__ volatile ("mv %0, a1" : "=r"(a0));
  95              		.loc 2 106 5
 107:src/../h/riscv.hpp ****     return a0;
  96              		.loc 2 107 5
 107:src/../h/riscv.hpp ****     return a0;
  97              		.loc 2 107 46 is_stmt 0
  98              	#APP
  99              	# 107 "src/../h/riscv.hpp" 1
 100              		mv a0, a1
 101              	# 0 "" 2
 102              	.LVL3:
 108:src/../h/riscv.hpp **** }
 103              		.loc 2 108 5 is_stmt 1
 104              	#NO_APP
 105              	.LBE61:
 106              	.LBE60:
  20:src/riscv.cpp ****     uint64 a02  = Riscv::r_a2();
 107              		.loc 1 20 5
 108              	.LBB62:
 109              	.LBB63:
 113:src/../h/riscv.hpp ****     __asm__ volatile ("mv %0, a2" : "=r"(a0));
GAS LISTING /tmp/ccxAiwcV.s 			page 7


 110              		.loc 2 113 5
 114:src/../h/riscv.hpp ****     return a0;
 111              		.loc 2 114 5
 114:src/../h/riscv.hpp ****     return a0;
 112              		.loc 2 114 46 is_stmt 0
 113              	#APP
 114              	# 114 "src/../h/riscv.hpp" 1
 115              		mv a1, a2
 116              	# 0 "" 2
 117              	.LVL4:
 115:src/../h/riscv.hpp **** }
 118              		.loc 2 115 5 is_stmt 1
 119              	#NO_APP
 120              	.LBE63:
 121              	.LBE62:
  21:src/riscv.cpp ****     uint64 a03  = Riscv::r_a3();
 122              		.loc 1 21 5
 123              	.LBB64:
 124              	.LBB65:
 119:src/../h/riscv.hpp ****     __asm__ volatile ("mv %0, a3" : "=r"(a0));
 125              		.loc 2 119 5
 120:src/../h/riscv.hpp ****     return a0;
 126              		.loc 2 120 5
 120:src/../h/riscv.hpp ****     return a0;
 127              		.loc 2 120 46 is_stmt 0
 128              	#APP
 129              	# 120 "src/../h/riscv.hpp" 1
 130              		mv a2, a3
 131              	# 0 "" 2
 132              	.LVL5:
 121:src/../h/riscv.hpp **** }
 133              		.loc 2 121 5 is_stmt 1
 134              	#NO_APP
 135              	.LBE65:
 136              	.LBE64:
  22:src/riscv.cpp ****     void* sscratchsp;
 137              		.loc 1 22 5
  23:src/riscv.cpp ****     asm volatile("csrr %0, sscratch" : "=r"(sscratchsp));
 138              		.loc 1 23 5
 139              		.loc 1 23 57 is_stmt 0
 140              	#APP
 141              	# 23 "src/riscv.cpp" 1
  24              	
 142              		csrr s1, sscratch
 143              	# 0 "" 2
 144              	.LVL6:
  25:src/riscv.cpp **** 
  26:src/riscv.cpp ****     uint64 scause = r_scause();
 145              		.loc 1 26 5 is_stmt 1
 146              	#NO_APP
 147              	.LBB66:
 148              	.LBB67:
 131:src/../h/riscv.hpp ****     __asm__ volatile ("csrr %[scause], scause" : [scause] "=r"(scause));
 149              		.loc 2 131 5
 132:src/../h/riscv.hpp ****     return scause;
 150              		.loc 2 132 5
 132:src/../h/riscv.hpp ****     return scause;
GAS LISTING /tmp/ccxAiwcV.s 			page 8


 151              		.loc 2 132 72 is_stmt 0
 152              	#APP
 153              	# 132 "src/../h/riscv.hpp" 1
 154              		csrr a4, scause
 155              	# 0 "" 2
 156              	#NO_APP
 157 0058 2338E4FC 		sd	a4,-48(s0)
 133:src/../h/riscv.hpp **** }
 158              		.loc 2 133 5 is_stmt 1
 133:src/../h/riscv.hpp **** }
 159              		.loc 2 133 12 is_stmt 0
 160 005c 033704FD 		ld	a4,-48(s0)
 161              	.LVL7:
 162              	.LBE67:
 163              	.LBE66:
  27:src/riscv.cpp ****     if (scause == 0x0000000000000008UL || scause == 0x0000000000000009UL)
 164              		.loc 1 27 5 is_stmt 1
 165              	.LBB68:
 166              		.loc 1 27 40 is_stmt 0
 167 0060 130887FF 		addi	a6,a4,-8
 168              		.loc 1 27 5
 169 0064 93061000 		li	a3,1
 170 0068 63F80603 		bleu	a6,a3,.L24
  28:src/riscv.cpp ****     {
  29:src/riscv.cpp ****         uint64 volatile sepc = r_sepc() + 4;
  30:src/riscv.cpp **** 
  31:src/riscv.cpp ****         //mem_alloc
  32:src/riscv.cpp ****         if(a00 == 0x01) {
  33:src/riscv.cpp **** 
  34:src/riscv.cpp ****             uint64 sstatus;
  35:src/riscv.cpp ****             asm volatile("csrr  %0, sstatus" : "=r"(sstatus));
  36:src/riscv.cpp **** 
  37:src/riscv.cpp ****             void *ret=MemoryAllocator::_mem_alloc(a01);
  38:src/riscv.cpp **** 
  39:src/riscv.cpp **** 
  40:src/riscv.cpp ****             asm volatile("csrw sstatus, %0" : : "r"(sstatus));
  41:src/riscv.cpp **** 
  42:src/riscv.cpp **** 
  43:src/riscv.cpp ****             __asm__ volatile("mv a0, %0" : : "r" (ret));
  44:src/riscv.cpp ****             __asm__ volatile("sd a0,0x50(%0)" : : "r"(sscratchsp));
  45:src/riscv.cpp **** 
  46:src/riscv.cpp **** 
  47:src/riscv.cpp ****         }
  48:src/riscv.cpp ****         //mem_free
  49:src/riscv.cpp ****         else if (a00 == 0x02) {
  50:src/riscv.cpp **** 
  51:src/riscv.cpp ****             uint64 sstatus;
  52:src/riscv.cpp ****             asm volatile("csrr  %0, sstatus" : "=r"(sstatus));
  53:src/riscv.cpp **** 
  54:src/riscv.cpp ****             int ret=MemoryAllocator::_mem_free((void*)a01);
  55:src/riscv.cpp **** 
  56:src/riscv.cpp **** 
  57:src/riscv.cpp ****             asm volatile("csrw sstatus, %0" : : "r"(sstatus));
  58:src/riscv.cpp **** 
  59:src/riscv.cpp **** 
  60:src/riscv.cpp ****             __asm__ volatile("mv a0, %0" : : "r" (ret));
  61:src/riscv.cpp ****             __asm__ volatile("sd a0,0x50(%0)" : : "r"(sscratchsp));
GAS LISTING /tmp/ccxAiwcV.s 			page 9


  62:src/riscv.cpp **** 
  63:src/riscv.cpp ****         }
  64:src/riscv.cpp ****         // thread_create_not_start
  65:src/riscv.cpp ****         else if(a00 == 0x07) {
  66:src/riscv.cpp **** 
  67:src/riscv.cpp ****             uint64 sstatus;
  68:src/riscv.cpp ****             asm volatile("csrr  %0, sstatus" : "=r"(sstatus));
  69:src/riscv.cpp **** 
  70:src/riscv.cpp ****             int ret=TCB::createThreadNotStart( (thread_t *)a01,(void (*)(void*))a02, (void*)a03);
  71:src/riscv.cpp **** 
  72:src/riscv.cpp **** 
  73:src/riscv.cpp ****             asm volatile("csrw sstatus, %0" : : "r"(sstatus));
  74:src/riscv.cpp **** 
  75:src/riscv.cpp **** 
  76:src/riscv.cpp ****             __asm__ volatile("mv a0, %0" : : "r" (ret));
  77:src/riscv.cpp ****             __asm__ volatile("sd a0,0x50(%0)" : : "r"(sscratchsp));
  78:src/riscv.cpp **** 
  79:src/riscv.cpp **** 
  80:src/riscv.cpp ****         }
  81:src/riscv.cpp ****         //thread_start
  82:src/riscv.cpp ****         else if(a00 == 0x08) {
  83:src/riscv.cpp **** 
  84:src/riscv.cpp ****             uint64 sstatus;
  85:src/riscv.cpp ****             asm volatile("csrr  %0, sstatus" : "=r"(sstatus));
  86:src/riscv.cpp **** 
  87:src/riscv.cpp ****             int ret=TCB::start(reinterpret_cast<thread_t *>(a01));
  88:src/riscv.cpp **** 
  89:src/riscv.cpp **** 
  90:src/riscv.cpp ****             asm volatile("csrw sstatus, %0" : : "r"(sstatus));
  91:src/riscv.cpp **** 
  92:src/riscv.cpp **** 
  93:src/riscv.cpp ****             __asm__ volatile("mv a0, %0" : : "r" (ret));
  94:src/riscv.cpp ****             __asm__ volatile("sd a0,0x50(%0)" : : "r"(sscratchsp));
  95:src/riscv.cpp **** 
  96:src/riscv.cpp **** 
  97:src/riscv.cpp ****         }
  98:src/riscv.cpp ****         // thread_create
  99:src/riscv.cpp ****         else if(a00 == 0x11) {
 100:src/riscv.cpp **** 
 101:src/riscv.cpp ****             uint64 sstatus;
 102:src/riscv.cpp ****             asm volatile("csrr  %0, sstatus" : "=r"(sstatus));
 103:src/riscv.cpp **** 
 104:src/riscv.cpp ****             int ret=TCB::createThread( (thread_t *)a01,(void (*)(void*))a02, (void*)a03);
 105:src/riscv.cpp **** 
 106:src/riscv.cpp **** 
 107:src/riscv.cpp ****             asm volatile("csrw sstatus, %0" : : "r"(sstatus));
 108:src/riscv.cpp **** 
 109:src/riscv.cpp **** 
 110:src/riscv.cpp ****             __asm__ volatile("mv a0, %0" : : "r" (ret));
 111:src/riscv.cpp ****             __asm__ volatile("sd a0,0x50(%0)" : : "r"(sscratchsp));
 112:src/riscv.cpp **** 
 113:src/riscv.cpp **** 
 114:src/riscv.cpp ****         }
 115:src/riscv.cpp **** 
 116:src/riscv.cpp ****         //thread_exit
 117:src/riscv.cpp ****         else if(a00 ==  0x12) {
 118:src/riscv.cpp **** 
GAS LISTING /tmp/ccxAiwcV.s 			page 10


 119:src/riscv.cpp ****             uint64 sstatus;
 120:src/riscv.cpp ****             asm volatile("csrr  %0, sstatus" : "=r"(sstatus));
 121:src/riscv.cpp **** 
 122:src/riscv.cpp ****             TCB::exitThread();
 123:src/riscv.cpp **** 
 124:src/riscv.cpp ****             asm volatile("csrw sstatus, %0" : : "r"(sstatus));
 125:src/riscv.cpp **** 
 126:src/riscv.cpp **** 
 127:src/riscv.cpp **** 
 128:src/riscv.cpp ****         }
 129:src/riscv.cpp ****         //thread_dispatch
 130:src/riscv.cpp ****         else if (a00 == 0x13) {
 131:src/riscv.cpp ****             uint64 sstatus;
 132:src/riscv.cpp ****             asm volatile("csrr  %0, sstatus" : "=r"(sstatus));
 133:src/riscv.cpp ****             uint64 tmpsepc;
 134:src/riscv.cpp ****             asm volatile("csrr %0, sepc" : "=r"(tmpsepc));
 135:src/riscv.cpp **** 
 136:src/riscv.cpp ****             TCB::dispatch();
 137:src/riscv.cpp ****             asm volatile("csrw sstatus, %0" : : "r"(sstatus));
 138:src/riscv.cpp ****             sepc=tmpsepc+4;
 139:src/riscv.cpp **** 
 140:src/riscv.cpp ****         }
 141:src/riscv.cpp ****         //thread_join
 142:src/riscv.cpp ****         else if(a00 ==  0x14) {
 143:src/riscv.cpp ****             uint64 sstatus;
 144:src/riscv.cpp ****             asm volatile("csrr  %0, sstatus" : "=r"(sstatus));
 145:src/riscv.cpp **** 
 146:src/riscv.cpp ****             TCB::join((thread_t)a01);
 147:src/riscv.cpp ****             asm volatile("csrw sstatus, %0" : : "r"(sstatus));
 148:src/riscv.cpp **** 
 149:src/riscv.cpp ****         }
 150:src/riscv.cpp ****         //yield
 151:src/riscv.cpp ****         else if(a00 ==  0x15) {
 152:src/riscv.cpp ****             uint64 sstatus;
 153:src/riscv.cpp ****             asm volatile("csrr  %0, sstatus" : "=r"(sstatus));
 154:src/riscv.cpp ****             TCB::yield();
 155:src/riscv.cpp ****             asm volatile("csrw sstatus, %0" : : "r"(sstatus));
 156:src/riscv.cpp **** 
 157:src/riscv.cpp ****         }
 158:src/riscv.cpp ****         //sem_open
 159:src/riscv.cpp ****         else if(a00 ==  0x21) {
 160:src/riscv.cpp **** 
 161:src/riscv.cpp ****             uint64 sstatus;
 162:src/riscv.cpp ****             asm volatile("csrr  %0, sstatus" : "=r"(sstatus));
 163:src/riscv.cpp ****             uint64 tmpsepc;
 164:src/riscv.cpp ****             asm volatile("csrr %0, sepc" : "=r"(tmpsepc));
 165:src/riscv.cpp ****             semaphore::_sem_open((sem_t*)a01,(unsigned int)a02);
 166:src/riscv.cpp ****             asm volatile("csrw sstatus, %0" : : "r"(sstatus));
 167:src/riscv.cpp ****             sepc=tmpsepc+4;
 168:src/riscv.cpp ****         }
 169:src/riscv.cpp ****         //sem_close
 170:src/riscv.cpp ****         else if(a00 ==  0x22) {
 171:src/riscv.cpp ****             uint64 sstatus;
 172:src/riscv.cpp ****             asm volatile("csrr  %0, sstatus" : "=r"(sstatus));
 173:src/riscv.cpp ****             semaphore::_sem_close((sem_t)a01);
 174:src/riscv.cpp ****             asm volatile("csrw sstatus, %0" : : "r"(sstatus));
 175:src/riscv.cpp **** 
GAS LISTING /tmp/ccxAiwcV.s 			page 11


 176:src/riscv.cpp ****         }
 177:src/riscv.cpp ****         //sem_wait
 178:src/riscv.cpp ****         else if(a00 ==  0x23) {
 179:src/riscv.cpp ****             uint64 sstatus;
 180:src/riscv.cpp ****             asm volatile("csrr  %0, sstatus" : "=r"(sstatus));
 181:src/riscv.cpp ****             semaphore::_sem_wait((sem_t)a01);
 182:src/riscv.cpp ****             asm volatile("csrw sstatus, %0" : : "r"(sstatus));
 183:src/riscv.cpp ****         }
 184:src/riscv.cpp ****         //sem_signal
 185:src/riscv.cpp ****         else if(a00 ==  0x24) {
 186:src/riscv.cpp ****             uint64 sstatus;
 187:src/riscv.cpp ****             asm volatile("csrr  %0, sstatus" : "=r"(sstatus));
 188:src/riscv.cpp ****             semaphore::_sem_signal((sem_t)a01);
 189:src/riscv.cpp ****             asm volatile("csrw sstatus, %0" : : "r"(sstatus));
 190:src/riscv.cpp ****         }
 191:src/riscv.cpp **** 
 192:src/riscv.cpp ****         else if(a00 ==  0x41) {
 193:src/riscv.cpp ****             uint64 sstatus;
 194:src/riscv.cpp ****             asm volatile("csrr  %0, sstatus" : "=r"(sstatus));
 195:src/riscv.cpp **** 
 196:src/riscv.cpp ****             char ret=__getc();
 197:src/riscv.cpp **** 
 198:src/riscv.cpp ****             asm volatile("csrw sstatus, %0" : : "r"(sstatus));
 199:src/riscv.cpp **** 
 200:src/riscv.cpp ****             __asm__ volatile("mv a0, %0" : : "r" (ret));
 201:src/riscv.cpp ****             __asm__ volatile("sd a0,0x50(%0)" : : "r"(sscratchsp));
 202:src/riscv.cpp **** 
 203:src/riscv.cpp ****         }
 204:src/riscv.cpp **** 
 205:src/riscv.cpp ****         else if(a00 ==  0x42 ){
 206:src/riscv.cpp ****             uint64 sstatus;
 207:src/riscv.cpp ****             asm volatile("csrr  %0, sstatus" : "=r"(sstatus));
 208:src/riscv.cpp ****             __putc((char)a01);
 209:src/riscv.cpp ****             asm volatile("csrw sstatus, %0" : : "r"(sstatus));
 210:src/riscv.cpp ****         }
 211:src/riscv.cpp **** 
 212:src/riscv.cpp ****         else if(a00 ==  0x99) {
 213:src/riscv.cpp ****             // switch to user mode
 214:src/riscv.cpp ****             uint64 sstatus;
 215:src/riscv.cpp ****             asm volatile("csrr  %0, sstatus" : "=r"(sstatus));
 216:src/riscv.cpp ****             Riscv::mc_sstatus(1<<8);
 217:src/riscv.cpp ****             w_sepc(sepc);
 218:src/riscv.cpp ****             return;
 219:src/riscv.cpp **** 
 220:src/riscv.cpp ****         }
 221:src/riscv.cpp **** 
 222:src/riscv.cpp **** 
 223:src/riscv.cpp **** 
 224:src/riscv.cpp ****         w_sepc(sepc);
 225:src/riscv.cpp ****     }
 226:src/riscv.cpp ****     else if (scause == 0x8000000000000001UL)
 171              		.loc 1 226 10 is_stmt 1
 172 006c 9307F0FF 		li	a5,-1
 173              	.LVL8:
 174 0070 9397F703 		slli	a5,a5,63
 175 0074 93871700 		addi	a5,a5,1
 176 0078 6302F726 		beq	a4,a5,.L25
GAS LISTING /tmp/ccxAiwcV.s 			page 12


 227:src/riscv.cpp ****     {
 228:src/riscv.cpp **** //        __asm__ volatile ("csrc sip, %[mask]" : : [mask] "r"(mask));
 229:src/riscv.cpp **** 
 230:src/riscv.cpp ****         __asm__ volatile("csrc sip, 0x02");
 231:src/riscv.cpp **** //        prekid od tajmera
 232:src/riscv.cpp **** //         interrupt: yes; cause code: supervisor software interrupt (CLINT; machine timer interrup
 233:src/riscv.cpp **** //        mc_sip(SIP_SSIP);
 234:src/riscv.cpp **** //        TCB::timeSliceCounter++;
 235:src/riscv.cpp **** //        if (TCB::timeSliceCounter >= TCB::running->getTimeSlice())
 236:src/riscv.cpp **** //        {
 237:src/riscv.cpp **** //            uint64 volatile sepc = r_sepc();
 238:src/riscv.cpp **** //            uint64 volatile sstatus = r_sstatus();
 239:src/riscv.cpp **** //            TCB::timeSliceCounter = 0;
 240:src/riscv.cpp **** //            TCB::dispatch();
 241:src/riscv.cpp **** //            w_sstatus(sstatus);
 242:src/riscv.cpp **** //            w_sepc(sepc);
 243:src/riscv.cpp **** //        }
 244:src/riscv.cpp ****     }
 245:src/riscv.cpp ****     else if (scause == 0x8000000000000009UL)
 177              		.loc 1 245 10
 178 007c 9307F0FF 		li	a5,-1
 179 0080 9397F703 		slli	a5,a5,63
 180 0084 93879700 		addi	a5,a5,9
 181 0088 631EF70C 		bne	a4,a5,.L3
 246:src/riscv.cpp ****     {
 247:src/riscv.cpp ****         //prekid spolja, od konzole na primer
 248:src/riscv.cpp ****         console_handler();
 182              		.loc 1 248 9
 183              		.loc 1 248 24 is_stmt 0
 184 008c 97000000 		call	console_handler@plt
 184      E7800000 
 185              	.LVL9:
 186 0094 6F00000D 		j	.L3
 187              	.LVL10:
 188              	.L24:
 189              	.LBB69:
  29:src/riscv.cpp **** 
 190              		.loc 1 29 9 is_stmt 1
 191              	.LBB70:
 192              	.LBB71:
 143:src/../h/riscv.hpp ****     __asm__ volatile ("csrr %[sepc], sepc" : [sepc] "=r"(sepc));
 193              		.loc 2 143 5
 144:src/../h/riscv.hpp ****     return sepc;
 194              		.loc 2 144 5
 144:src/../h/riscv.hpp ****     return sepc;
 195              		.loc 2 144 64 is_stmt 0
 196              	#APP
 197              	# 144 "src/../h/riscv.hpp" 1
 198              		csrr a4, sepc
 199              	# 0 "" 2
 200              	.LVL11:
 201              	#NO_APP
 202 009c 233CE4FC 		sd	a4,-40(s0)
 145:src/../h/riscv.hpp **** }
 203              		.loc 2 145 5 is_stmt 1
 145:src/../h/riscv.hpp **** }
 204              		.loc 2 145 12 is_stmt 0
GAS LISTING /tmp/ccxAiwcV.s 			page 13


 205 00a0 033784FD 		ld	a4,-40(s0)
 206              	.LBE71:
 207              	.LBE70:
  29:src/riscv.cpp **** 
 208              		.loc 1 29 41
 209 00a4 13074700 		addi	a4,a4,4
  29:src/riscv.cpp **** 
 210              		.loc 1 29 43
 211 00a8 2334E4FC 		sd	a4,-56(s0)
  32:src/riscv.cpp **** 
 212              		.loc 1 32 9 is_stmt 1
 213              	.LBB72:
 214 00ac 13071000 		li	a4,1
 215 00b0 638AE708 		beq	a5,a4,.L26
 216              	.LBE72:
 217              	.LBE69:
 218              	.LBE68:
  49:src/riscv.cpp **** 
 219              		.loc 1 49 14
 220              	.LBB261:
 221              	.LBB245:
 222              	.LBB227:
 223              	.LBB73:
 224 00b4 13072000 		li	a4,2
 225 00b8 6382E70C 		beq	a5,a4,.L27
 226              	.LBE73:
 227              	.LBE227:
 228              	.LBE245:
 229              	.LBE261:
  65:src/riscv.cpp **** 
 230              		.loc 1 65 14
 231              	.LBB262:
 232              	.LBB246:
 233              	.LBB228:
 234              	.LBB211:
 235              	.LBB74:
 236 00bc 13077000 		li	a4,7
 237 00c0 638CE70C 		beq	a5,a4,.L28
 238              	.LBE74:
 239              	.LBE211:
 240              	.LBE228:
 241              	.LBE246:
 242              	.LBE262:
  82:src/riscv.cpp **** 
 243              		.loc 1 82 14
 244              	.LBB263:
 245              	.LBB247:
 246              	.LBB229:
 247              	.LBB212:
 248              	.LBB196:
 249              	.LBB75:
 250 00c4 13078000 		li	a4,8
 251 00c8 6386E70E 		beq	a5,a4,.L29
 252              	.LBE75:
 253              	.LBE196:
 254              	.LBE212:
 255              	.LBE229:
GAS LISTING /tmp/ccxAiwcV.s 			page 14


 256              	.LBE247:
 257              	.LBE263:
  99:src/riscv.cpp **** 
 258              		.loc 1 99 14
 259              	.LBB264:
 260              	.LBB248:
 261              	.LBB230:
 262              	.LBB213:
 263              	.LBB197:
 264              	.LBB182:
 265              	.LBB76:
 266 00cc 13071001 		li	a4,17
 267 00d0 6380E710 		beq	a5,a4,.L30
 268              	.LBE76:
 269              	.LBE182:
 270              	.LBE197:
 271              	.LBE213:
 272              	.LBE230:
 273              	.LBE248:
 274              	.LBE264:
 117:src/riscv.cpp **** 
 275              		.loc 1 117 14
 276              	.LBB265:
 277              	.LBB249:
 278              	.LBB231:
 279              	.LBB214:
 280              	.LBB198:
 281              	.LBB183:
 282              	.LBB169:
 283              	.LBB77:
 284 00d4 13072001 		li	a4,18
 285 00d8 638AE710 		beq	a5,a4,.L31
 286              	.LBE77:
 287              	.LBE169:
 288              	.LBE183:
 289              	.LBE198:
 290              	.LBE214:
 291              	.LBE231:
 292              	.LBE249:
 293              	.LBE265:
 130:src/riscv.cpp ****             uint64 sstatus;
 294              		.loc 1 130 14
 295              	.LBB266:
 296              	.LBB250:
 297              	.LBB232:
 298              	.LBB215:
 299              	.LBB199:
 300              	.LBB184:
 301              	.LBB170:
 302              	.LBB157:
 303              	.LBB78:
 304 00dc 13073001 		li	a4,19
 305 00e0 6380E712 		beq	a5,a4,.L32
 306              	.LBE78:
 307              	.LBE157:
 308              	.LBE170:
 309              	.LBE184:
GAS LISTING /tmp/ccxAiwcV.s 			page 15


 310              	.LBE199:
 311              	.LBE215:
 312              	.LBE232:
 313              	.LBE250:
 314              	.LBE266:
 142:src/riscv.cpp ****             uint64 sstatus;
 315              		.loc 1 142 14
 316              	.LBB267:
 317              	.LBB251:
 318              	.LBB233:
 319              	.LBB216:
 320              	.LBB200:
 321              	.LBB185:
 322              	.LBB171:
 323              	.LBB158:
 324              	.LBB146:
 325              	.LBB79:
 326 00e4 13074001 		li	a4,20
 327 00e8 638CE712 		beq	a5,a4,.L33
 328              	.LBE79:
 329              	.LBE146:
 330              	.LBE158:
 331              	.LBE171:
 332              	.LBE185:
 333              	.LBE200:
 334              	.LBE216:
 335              	.LBE233:
 336              	.LBE251:
 337              	.LBE267:
 151:src/riscv.cpp ****             uint64 sstatus;
 338              		.loc 1 151 14
 339              	.LBB268:
 340              	.LBB252:
 341              	.LBB234:
 342              	.LBB217:
 343              	.LBB201:
 344              	.LBB186:
 345              	.LBB172:
 346              	.LBB159:
 347              	.LBB147:
 348              	.LBB136:
 349              	.LBB80:
 350 00ec 13075001 		li	a4,21
 351 00f0 6382E714 		beq	a5,a4,.L34
 352              	.LBE80:
 353              	.LBE136:
 354              	.LBE147:
 355              	.LBE159:
 356              	.LBE172:
 357              	.LBE186:
 358              	.LBE201:
 359              	.LBE217:
 360              	.LBE234:
 361              	.LBE252:
 362              	.LBE268:
 159:src/riscv.cpp **** 
 363              		.loc 1 159 14
GAS LISTING /tmp/ccxAiwcV.s 			page 16


 364              	.LBB269:
 365              	.LBB253:
 366              	.LBB235:
 367              	.LBB218:
 368              	.LBB202:
 369              	.LBB187:
 370              	.LBB173:
 371              	.LBB160:
 372              	.LBB148:
 373              	.LBB137:
 374              	.LBB127:
 375              	.LBB81:
 376 00f4 13071002 		li	a4,33
 377 00f8 6388E714 		beq	a5,a4,.L35
 378              	.LBE81:
 379              	.LBE127:
 380              	.LBE137:
 381              	.LBE148:
 382              	.LBE160:
 383              	.LBE173:
 384              	.LBE187:
 385              	.LBE202:
 386              	.LBE218:
 387              	.LBE235:
 388              	.LBE253:
 389              	.LBE269:
 170:src/riscv.cpp ****             uint64 sstatus;
 390              		.loc 1 170 14
 391              	.LBB270:
 392              	.LBB254:
 393              	.LBB236:
 394              	.LBB219:
 395              	.LBB203:
 396              	.LBB188:
 397              	.LBB174:
 398              	.LBB161:
 399              	.LBB149:
 400              	.LBB138:
 401              	.LBB128:
 402              	.LBB119:
 403              	.LBB82:
 404 00fc 13072002 		li	a4,34
 405 0100 6386E716 		beq	a5,a4,.L36
 406              	.LBE82:
 407              	.LBE119:
 408              	.LBE128:
 409              	.LBE138:
 410              	.LBE149:
 411              	.LBE161:
 412              	.LBE174:
 413              	.LBE188:
 414              	.LBE203:
 415              	.LBE219:
 416              	.LBE236:
 417              	.LBE254:
 418              	.LBE270:
 178:src/riscv.cpp ****             uint64 sstatus;
GAS LISTING /tmp/ccxAiwcV.s 			page 17


 419              		.loc 1 178 14
 420              	.LBB271:
 421              	.LBB255:
 422              	.LBB237:
 423              	.LBB220:
 424              	.LBB204:
 425              	.LBB189:
 426              	.LBB175:
 427              	.LBB162:
 428              	.LBB150:
 429              	.LBB139:
 430              	.LBB129:
 431              	.LBB120:
 432              	.LBB112:
 433              	.LBB83:
 434 0104 13073002 		li	a4,35
 435 0108 638CE716 		beq	a5,a4,.L37
 436              	.LBE83:
 437              	.LBE112:
 438              	.LBE120:
 439              	.LBE129:
 440              	.LBE139:
 441              	.LBE150:
 442              	.LBE162:
 443              	.LBE175:
 444              	.LBE189:
 445              	.LBE204:
 446              	.LBE220:
 447              	.LBE237:
 448              	.LBE255:
 449              	.LBE271:
 185:src/riscv.cpp ****             uint64 sstatus;
 450              		.loc 1 185 14
 451              	.LBB272:
 452              	.LBB256:
 453              	.LBB238:
 454              	.LBB221:
 455              	.LBB205:
 456              	.LBB190:
 457              	.LBB176:
 458              	.LBB163:
 459              	.LBB151:
 460              	.LBB140:
 461              	.LBB130:
 462              	.LBB121:
 463              	.LBB113:
 464              	.LBB106:
 465              	.LBB84:
 466 010c 13074002 		li	a4,36
 467 0110 6382E718 		beq	a5,a4,.L38
 468              	.LBE84:
 469              	.LBE106:
 470              	.LBE113:
 471              	.LBE121:
 472              	.LBE130:
 473              	.LBE140:
 474              	.LBE151:
GAS LISTING /tmp/ccxAiwcV.s 			page 18


 475              	.LBE163:
 476              	.LBE176:
 477              	.LBE190:
 478              	.LBE205:
 479              	.LBE221:
 480              	.LBE238:
 481              	.LBE256:
 482              	.LBE272:
 192:src/riscv.cpp ****             uint64 sstatus;
 483              		.loc 1 192 14
 484              	.LBB273:
 485              	.LBB257:
 486              	.LBB239:
 487              	.LBB222:
 488              	.LBB206:
 489              	.LBB191:
 490              	.LBB177:
 491              	.LBB164:
 492              	.LBB152:
 493              	.LBB141:
 494              	.LBB131:
 495              	.LBB122:
 496              	.LBB114:
 497              	.LBB107:
 498              	.LBB101:
 499              	.LBB85:
 500 0114 13071004 		li	a4,65
 501 0118 6388E718 		beq	a5,a4,.L39
 502              	.LBE85:
 503              	.LBE101:
 504              	.LBE107:
 505              	.LBE114:
 506              	.LBE122:
 507              	.LBE131:
 508              	.LBE141:
 509              	.LBE152:
 510              	.LBE164:
 511              	.LBE177:
 512              	.LBE191:
 513              	.LBE206:
 514              	.LBE222:
 515              	.LBE239:
 516              	.LBE257:
 517              	.LBE273:
 205:src/riscv.cpp ****             uint64 sstatus;
 518              		.loc 1 205 14
 519              	.LBB274:
 520              	.LBB258:
 521              	.LBB240:
 522              	.LBB223:
 523              	.LBB207:
 524              	.LBB192:
 525              	.LBB178:
 526              	.LBB165:
 527              	.LBB153:
 528              	.LBB142:
 529              	.LBB132:
GAS LISTING /tmp/ccxAiwcV.s 			page 19


 530              	.LBB123:
 531              	.LBB115:
 532              	.LBB108:
 533              	.LBB102:
 534              	.LBB97:
 535              	.LBB86:
 536 011c 13072004 		li	a4,66
 537 0120 6382E71A 		beq	a5,a4,.L40
 538              	.LBE86:
 539              	.LBE97:
 540              	.LBE102:
 541              	.LBE108:
 542              	.LBE115:
 543              	.LBE123:
 544              	.LBE132:
 545              	.LBE142:
 546              	.LBE153:
 547              	.LBE165:
 548              	.LBE178:
 549              	.LBE192:
 550              	.LBE207:
 551              	.LBE223:
 552              	.LBE240:
 553              	.LBE258:
 554              	.LBE274:
 212:src/riscv.cpp ****             // switch to user mode
 555              		.loc 1 212 14
 556              	.LBB275:
 557              	.LBB259:
 558              	.LBB241:
 559              	.LBB224:
 560              	.LBB208:
 561              	.LBB193:
 562              	.LBB179:
 563              	.LBB166:
 564              	.LBB154:
 565              	.LBB143:
 566              	.LBB133:
 567              	.LBB124:
 568              	.LBB116:
 569              	.LBB109:
 570              	.LBB103:
 571              	.LBB98:
 572              	.LBB94:
 573              	.LBB87:
 574 0124 13079009 		li	a4,153
 575 0128 639AE702 		bne	a5,a4,.L6
 576              	.LBB88:
 214:src/riscv.cpp ****             asm volatile("csrr  %0, sstatus" : "=r"(sstatus));
 577              		.loc 1 214 13
 215:src/riscv.cpp ****             Riscv::mc_sstatus(1<<8);
 578              		.loc 1 215 13
 215:src/riscv.cpp ****             Riscv::mc_sstatus(1<<8);
 579              		.loc 1 215 62 is_stmt 0
 580              	#APP
 581              	# 215 "src/riscv.cpp" 1
 582              		csrr  a5, sstatus
GAS LISTING /tmp/ccxAiwcV.s 			page 20


 583              	# 0 "" 2
 584              	.LVL12:
 216:src/riscv.cpp ****             w_sepc(sepc);
 585              		.loc 1 216 13 is_stmt 1
 586              	#NO_APP
 587              	.LBB89:
 588              	.LBB90:
 206:src/../h/riscv.hpp **** }
 589              		.loc 2 206 5
 206:src/../h/riscv.hpp **** }
 590              		.loc 2 206 68 is_stmt 0
 591 0130 93070010 		li	a5,256
 592              	#APP
 593              	# 206 "src/../h/riscv.hpp" 1
 594              		csrc sstatus, a5
 595              	# 0 "" 2
 596              	.LVL13:
 597              	#NO_APP
 598              	.LBE90:
 599              	.LBE89:
 217:src/riscv.cpp ****             return;
 600              		.loc 1 217 13 is_stmt 1
 217:src/riscv.cpp ****             return;
 601              		.loc 1 217 19 is_stmt 0
 602 0138 833784FC 		ld	a5,-56(s0)
 603              	.LVL14:
 604              	.LBB91:
 605              	.LBB92:
 150:src/../h/riscv.hpp **** }
 606              		.loc 2 150 5 is_stmt 1
 150:src/../h/riscv.hpp **** }
 607              		.loc 2 150 65 is_stmt 0
 608              	#APP
 609              	# 150 "src/../h/riscv.hpp" 1
 610              		csrw sepc, a5
 611              	# 0 "" 2
 612              	.LVL15:
 613              	#NO_APP
 614              	.LBE92:
 615              	.LBE91:
 218:src/riscv.cpp **** 
 616              		.loc 1 218 13 is_stmt 1
 617 0140 6F004002 		j	.L3
 618              	.LVL16:
 619              	.L26:
 620              	.LBE88:
 621              	.LBE87:
 622              	.LBE94:
 623              	.LBE98:
 624              	.LBE103:
 625              	.LBE109:
 626              	.LBE116:
 627              	.LBE124:
 628              	.LBE133:
 629              	.LBE143:
 630              	.LBE154:
 631              	.LBE166:
GAS LISTING /tmp/ccxAiwcV.s 			page 21


 632              	.LBE179:
 633              	.LBE193:
 634              	.LBE208:
 635              	.LBE224:
 636              	.LBB225:
  34:src/riscv.cpp ****             asm volatile("csrr  %0, sstatus" : "=r"(sstatus));
 637              		.loc 1 34 13
  35:src/riscv.cpp **** 
 638              		.loc 1 35 13
  35:src/riscv.cpp **** 
 639              		.loc 1 35 62 is_stmt 0
 640              	#APP
 641              	# 35 "src/riscv.cpp" 1
 642              		csrr  s2, sstatus
 643              	# 0 "" 2
 644              	.LVL17:
  37:src/riscv.cpp **** 
 645              		.loc 1 37 13 is_stmt 1
  37:src/riscv.cpp **** 
 646              		.loc 1 37 50 is_stmt 0
 647              	#NO_APP
 648 0148 97000000 		call	_ZN15MemoryAllocator10_mem_allocEm@plt
 648      E7800000 
 649              	.LVL18:
  40:src/riscv.cpp **** 
 650              		.loc 1 40 13 is_stmt 1
  40:src/riscv.cpp **** 
 651              		.loc 1 40 62 is_stmt 0
 652              	#APP
 653              	# 40 "src/riscv.cpp" 1
  43:src/riscv.cpp ****             __asm__ volatile("sd a0,0x50(%0)" : : "r"(sscratchsp));
 654              		csrw sstatus, s2
 655              	# 0 "" 2
 656              		.loc 1 43 13 is_stmt 1
  43:src/riscv.cpp ****             __asm__ volatile("sd a0,0x50(%0)" : : "r"(sscratchsp));
 657              		.loc 1 43 56 is_stmt 0
 658              	# 43 "src/riscv.cpp" 1
  44:src/riscv.cpp **** 
 659              		mv a0, a0
 660              	# 0 "" 2
 661              		.loc 1 44 13 is_stmt 1
  44:src/riscv.cpp **** 
 662              		.loc 1 44 67 is_stmt 0
 663              	# 44 "src/riscv.cpp" 1
 664              		sd a0,0x50(s1)
 665              	# 0 "" 2
 666              	.LVL19:
 667              	#NO_APP
 668              	.L6:
 669              	.LBE225:
 670              	.LBE241:
 224:src/riscv.cpp ****     }
 671              		.loc 1 224 9 is_stmt 1
 224:src/riscv.cpp ****     }
 672              		.loc 1 224 15 is_stmt 0
 673 015c 833784FC 		ld	a5,-56(s0)
 674              	.LVL20:
GAS LISTING /tmp/ccxAiwcV.s 			page 22


 675              	.LBB242:
 676              	.LBB243:
 150:src/../h/riscv.hpp **** }
 677              		.loc 2 150 5 is_stmt 1
 150:src/../h/riscv.hpp **** }
 678              		.loc 2 150 65 is_stmt 0
 679              	#APP
 680              	# 150 "src/../h/riscv.hpp" 1
 681              		csrw sepc, a5
 682              	# 0 "" 2
 683              	.LVL21:
 684              	#NO_APP
 685              	.L3:
 686              	.LBE243:
 687              	.LBE242:
 688              	.LBE259:
 689              	.LBE275:
 249:src/riscv.cpp ****     }
 250:src/riscv.cpp ****     else
 251:src/riscv.cpp ****     {
 252:src/riscv.cpp ****         // unexpected trap cause
 253:src/riscv.cpp **** //        print_integer(scause);
 254:src/riscv.cpp **** //        print_string("null");
 255:src/riscv.cpp **** //        print_integer(r_stval());
 256:src/riscv.cpp ****     }
 257:src/riscv.cpp **** }...
 690              		.loc 1 257 1
 691 0164 83308103 		ld	ra,56(sp)
 692              		.cfi_remember_state
 693              		.cfi_restore 1
 694 0168 03340103 		ld	s0,48(sp)
 695              		.cfi_restore 8
 696              		.cfi_def_cfa 2, 64
 697 016c 83348102 		ld	s1,40(sp)
 698              		.cfi_restore 9
 699 0170 03390102 		ld	s2,32(sp)
 700              		.cfi_restore 18
 701 0174 13010104 		addi	sp,sp,64
 702              		.cfi_def_cfa_offset 0
 703 0178 67800000 		jr	ra
 704              	.LVL22:
 705              	.L27:
 706              		.cfi_restore_state
 707              	.LBB276:
 708              	.LBB260:
 709              	.LBB244:
 710              	.LBB226:
 711              	.LBB209:
  51:src/riscv.cpp ****             uint64 sstatus;
 712              		.loc 1 51 13 is_stmt 1
  52:src/riscv.cpp ****             asm volatile("csrr  %0, sstatus" : "=r"(sstatus));
 713              		.loc 1 52 13
  52:src/riscv.cpp ****             asm volatile("csrr  %0, sstatus" : "=r"(sstatus));
 714              		.loc 1 52 62 is_stmt 0
 715              	#APP
 716              	# 52 "src/riscv.cpp" 1
 717              		csrr  s2, sstatus
GAS LISTING /tmp/ccxAiwcV.s 			page 23


 718              	# 0 "" 2
 719              	.LVL23:
  54:src/riscv.cpp ****             int ret=MemoryAllocator::_mem_free((void*)a01);
 720              		.loc 1 54 13 is_stmt 1
  54:src/riscv.cpp ****             int ret=MemoryAllocator::_mem_free((void*)a01);
 721              		.loc 1 54 47 is_stmt 0
 722              	#NO_APP
 723 0180 97000000 		call	_ZN15MemoryAllocator9_mem_freeEPv@plt
 723      E7800000 
 724              	.LVL24:
  57:src/riscv.cpp ****             asm volatile("csrw sstatus, %0" : : "r"(sstatus));
 725              		.loc 1 57 13 is_stmt 1
  57:src/riscv.cpp ****             asm volatile("csrw sstatus, %0" : : "r"(sstatus));
 726              		.loc 1 57 62 is_stmt 0
 727              	#APP
 728              	# 57 "src/riscv.cpp" 1
  60:src/riscv.cpp ****             __asm__ volatile("mv a0, %0" : : "r" (ret));
 729              		csrw sstatus, s2
 730              	# 0 "" 2
 731              		.loc 1 60 13 is_stmt 1
  60:src/riscv.cpp ****             __asm__ volatile("mv a0, %0" : : "r" (ret));
 732              		.loc 1 60 56 is_stmt 0
 733              	# 60 "src/riscv.cpp" 1
  61:src/riscv.cpp ****             __asm__ volatile("sd a0,0x50(%0)" : : "r"(sscratchsp));
 734              		mv a0, a0
 735              	# 0 "" 2
 736              		.loc 1 61 13 is_stmt 1
  61:src/riscv.cpp ****             __asm__ volatile("sd a0,0x50(%0)" : : "r"(sscratchsp));
 737              		.loc 1 61 67 is_stmt 0
 738              	# 61 "src/riscv.cpp" 1
 739              		sd a0,0x50(s1)
 740              	# 0 "" 2
 741              	#NO_APP
 742              	.LBE209:
 743 0194 6FF09FFC 		j	.L6
 744              	.LVL25:
 745              	.L28:
 746              	.LBB210:
 747              	.LBB194:
  67:src/riscv.cpp ****             uint64 sstatus;
 748              		.loc 1 67 13 is_stmt 1
  68:src/riscv.cpp ****             asm volatile("csrr  %0, sstatus" : "=r"(sstatus));
 749              		.loc 1 68 13
  68:src/riscv.cpp ****             asm volatile("csrr  %0, sstatus" : "=r"(sstatus));
 750              		.loc 1 68 62 is_stmt 0
 751              	#APP
 752              	# 68 "src/riscv.cpp" 1
 753              		csrr  s2, sstatus
 754              	# 0 "" 2
 755              	.LVL26:
  70:src/riscv.cpp ****             int ret=TCB::createThreadNotStart( (thread_t *)a01,(void (*)(void*))a02, (void*)a03);
 756              		.loc 1 70 13 is_stmt 1
  70:src/riscv.cpp ****             int ret=TCB::createThreadNotStart( (thread_t *)a01,(void (*)(void*))a02, (void*)a03);
 757              		.loc 1 70 46 is_stmt 0
 758              	#NO_APP
 759 019c 97000000 		call	_ZN3TCB20createThreadNotStartEPPS_PFvPvES2_@plt
 759      E7800000 
GAS LISTING /tmp/ccxAiwcV.s 			page 24


 760              	.LVL27:
  73:src/riscv.cpp ****             asm volatile("csrw sstatus, %0" : : "r"(sstatus));
 761              		.loc 1 73 13 is_stmt 1
  73:src/riscv.cpp ****             asm volatile("csrw sstatus, %0" : : "r"(sstatus));
 762              		.loc 1 73 62 is_stmt 0
 763              	#APP
 764              	# 73 "src/riscv.cpp" 1
  76:src/riscv.cpp ****             __asm__ volatile("mv a0, %0" : : "r" (ret));
 765              		csrw sstatus, s2
 766              	# 0 "" 2
 767              		.loc 1 76 13 is_stmt 1
  76:src/riscv.cpp ****             __asm__ volatile("mv a0, %0" : : "r" (ret));
 768              		.loc 1 76 56 is_stmt 0
 769              	# 76 "src/riscv.cpp" 1
  77:src/riscv.cpp ****             __asm__ volatile("sd a0,0x50(%0)" : : "r"(sscratchsp));
 770              		mv a0, a0
 771              	# 0 "" 2
 772              		.loc 1 77 13 is_stmt 1
  77:src/riscv.cpp ****             __asm__ volatile("sd a0,0x50(%0)" : : "r"(sscratchsp));
 773              		.loc 1 77 67 is_stmt 0
 774              	# 77 "src/riscv.cpp" 1
 775              		sd a0,0x50(s1)
 776              	# 0 "" 2
 777              	#NO_APP
 778              	.LBE194:
 779 01b0 6FF0DFFA 		j	.L6
 780              	.LVL28:
 781              	.L29:
 782              	.LBB195:
 783              	.LBB180:
  84:src/riscv.cpp ****             uint64 sstatus;
 784              		.loc 1 84 13 is_stmt 1
  85:src/riscv.cpp ****             asm volatile("csrr  %0, sstatus" : "=r"(sstatus));
 785              		.loc 1 85 13
  85:src/riscv.cpp ****             asm volatile("csrr  %0, sstatus" : "=r"(sstatus));
 786              		.loc 1 85 62 is_stmt 0
 787              	#APP
 788              	# 85 "src/riscv.cpp" 1
 789              		csrr  s2, sstatus
 790              	# 0 "" 2
 791              	.LVL29:
  87:src/riscv.cpp ****             int ret=TCB::start(reinterpret_cast<thread_t *>(a01));
 792              		.loc 1 87 13 is_stmt 1
  87:src/riscv.cpp ****             int ret=TCB::start(reinterpret_cast<thread_t *>(a01));
 793              		.loc 1 87 31 is_stmt 0
 794              	#NO_APP
 795 01b8 97000000 		call	_ZN3TCB5startEPPS_@plt
 795      E7800000 
 796              	.LVL30:
  90:src/riscv.cpp ****             asm volatile("csrw sstatus, %0" : : "r"(sstatus));
 797              		.loc 1 90 13 is_stmt 1
  90:src/riscv.cpp ****             asm volatile("csrw sstatus, %0" : : "r"(sstatus));
 798              		.loc 1 90 62 is_stmt 0
 799              	#APP
 800              	# 90 "src/riscv.cpp" 1
  93:src/riscv.cpp ****             __asm__ volatile("mv a0, %0" : : "r" (ret));
 801              		csrw sstatus, s2
GAS LISTING /tmp/ccxAiwcV.s 			page 25


 802              	# 0 "" 2
 803              		.loc 1 93 13 is_stmt 1
  93:src/riscv.cpp ****             __asm__ volatile("mv a0, %0" : : "r" (ret));
 804              		.loc 1 93 56 is_stmt 0
 805              	# 93 "src/riscv.cpp" 1
  94:src/riscv.cpp ****             __asm__ volatile("sd a0,0x50(%0)" : : "r"(sscratchsp));
 806              		mv a0, a0
 807              	# 0 "" 2
 808              		.loc 1 94 13 is_stmt 1
  94:src/riscv.cpp ****             __asm__ volatile("sd a0,0x50(%0)" : : "r"(sscratchsp));
 809              		.loc 1 94 67 is_stmt 0
 810              	# 94 "src/riscv.cpp" 1
 811              		sd a0,0x50(s1)
 812              	# 0 "" 2
 813              	#NO_APP
 814              	.LBE180:
 815 01cc 6FF01FF9 		j	.L6
 816              	.LVL31:
 817              	.L30:
 818              	.LBB181:
 819              	.LBB167:
 101:src/riscv.cpp ****             uint64 sstatus;
 820              		.loc 1 101 13 is_stmt 1
 102:src/riscv.cpp ****             asm volatile("csrr  %0, sstatus" : "=r"(sstatus));
 821              		.loc 1 102 13
 102:src/riscv.cpp ****             asm volatile("csrr  %0, sstatus" : "=r"(sstatus));
 822              		.loc 1 102 62 is_stmt 0
 823              	#APP
 824              	# 102 "src/riscv.cpp" 1
 825              		csrr  s2, sstatus
 826              	# 0 "" 2
 827              	.LVL32:
 104:src/riscv.cpp ****             int ret=TCB::createThread( (thread_t *)a01,(void (*)(void*))a02, (void*)a03);
 828              		.loc 1 104 13 is_stmt 1
 104:src/riscv.cpp ****             int ret=TCB::createThread( (thread_t *)a01,(void (*)(void*))a02, (void*)a03);
 829              		.loc 1 104 38 is_stmt 0
 830              	#NO_APP
 831 01d4 97000000 		call	_ZN3TCB12createThreadEPPS_PFvPvES2_@plt
 831      E7800000 
 832              	.LVL33:
 107:src/riscv.cpp ****             asm volatile("csrw sstatus, %0" : : "r"(sstatus));
 833              		.loc 1 107 13 is_stmt 1
 107:src/riscv.cpp ****             asm volatile("csrw sstatus, %0" : : "r"(sstatus));
 834              		.loc 1 107 62 is_stmt 0
 835              	#APP
 836              	# 107 "src/riscv.cpp" 1
 110:src/riscv.cpp ****             __asm__ volatile("mv a0, %0" : : "r" (ret));
 837              		csrw sstatus, s2
 838              	# 0 "" 2
 839              		.loc 1 110 13 is_stmt 1
 110:src/riscv.cpp ****             __asm__ volatile("mv a0, %0" : : "r" (ret));
 840              		.loc 1 110 56 is_stmt 0
 841              	# 110 "src/riscv.cpp" 1
 111:src/riscv.cpp ****             __asm__ volatile("sd a0,0x50(%0)" : : "r"(sscratchsp));
 842              		mv a0, a0
 843              	# 0 "" 2
 844              		.loc 1 111 13 is_stmt 1
GAS LISTING /tmp/ccxAiwcV.s 			page 26


 111:src/riscv.cpp ****             __asm__ volatile("sd a0,0x50(%0)" : : "r"(sscratchsp));
 845              		.loc 1 111 67 is_stmt 0
 846              	# 111 "src/riscv.cpp" 1
 847              		sd a0,0x50(s1)
 848              	# 0 "" 2
 849              	#NO_APP
 850              	.LBE167:
 851 01e8 6FF05FF7 		j	.L6
 852              	.LVL34:
 853              	.L31:
 854              	.LBB168:
 855              	.LBB155:
 119:src/riscv.cpp ****             uint64 sstatus;
 856              		.loc 1 119 13 is_stmt 1
 120:src/riscv.cpp ****             asm volatile("csrr  %0, sstatus" : "=r"(sstatus));
 857              		.loc 1 120 13
 120:src/riscv.cpp ****             asm volatile("csrr  %0, sstatus" : "=r"(sstatus));
 858              		.loc 1 120 62 is_stmt 0
 859              	#APP
 860              	# 120 "src/riscv.cpp" 1
 861              		csrr  s1, sstatus
 862              	# 0 "" 2
 863              	.LVL35:
 122:src/riscv.cpp ****             TCB::exitThread();
 864              		.loc 1 122 13 is_stmt 1
 122:src/riscv.cpp ****             TCB::exitThread();
 865              		.loc 1 122 28 is_stmt 0
 866              	#NO_APP
 867 01f0 97000000 		call	_ZN3TCB10exitThreadEv@plt
 867      E7800000 
 868              	.LVL36:
 124:src/riscv.cpp ****             asm volatile("csrw sstatus, %0" : : "r"(sstatus));
 869              		.loc 1 124 13 is_stmt 1
 124:src/riscv.cpp ****             asm volatile("csrw sstatus, %0" : : "r"(sstatus));
 870              		.loc 1 124 62 is_stmt 0
 871              	#APP
 872              	# 124 "src/riscv.cpp" 1
 873              		csrw sstatus, s1
 874              	# 0 "" 2
 875              	#NO_APP
 876              	.LBE155:
 877 01fc 6FF01FF6 		j	.L6
 878              	.LVL37:
 879              	.L32:
 880              	.LBB156:
 881              	.LBB144:
 131:src/riscv.cpp ****             uint64 sstatus;
 882              		.loc 1 131 13 is_stmt 1
 132:src/riscv.cpp ****             asm volatile("csrr  %0, sstatus" : "=r"(sstatus));
 883              		.loc 1 132 13
 132:src/riscv.cpp ****             asm volatile("csrr  %0, sstatus" : "=r"(sstatus));
 884              		.loc 1 132 62 is_stmt 0
 885              	#APP
 886              	# 132 "src/riscv.cpp" 1
 887              		csrr  s2, sstatus
 888              	# 0 "" 2
 889              	.LVL38:
GAS LISTING /tmp/ccxAiwcV.s 			page 27


 133:src/riscv.cpp ****             uint64 tmpsepc;
 890              		.loc 1 133 13 is_stmt 1
 134:src/riscv.cpp ****             asm volatile("csrr %0, sepc" : "=r"(tmpsepc));
 891              		.loc 1 134 13
 134:src/riscv.cpp ****             asm volatile("csrr %0, sepc" : "=r"(tmpsepc));
 892              		.loc 1 134 58 is_stmt 0
 893              	# 134 "src/riscv.cpp" 1
 894              		csrr s1, sepc
 895              	# 0 "" 2
 896              	.LVL39:
 136:src/riscv.cpp ****             TCB::dispatch();
 897              		.loc 1 136 13 is_stmt 1
 136:src/riscv.cpp ****             TCB::dispatch();
 898              		.loc 1 136 26 is_stmt 0
 899              	#NO_APP
 900 0208 97000000 		call	_ZN3TCB8dispatchEv@plt
 900      E7800000 
 901              	.LVL40:
 137:src/riscv.cpp ****             asm volatile("csrw sstatus, %0" : : "r"(sstatus));
 902              		.loc 1 137 13 is_stmt 1
 137:src/riscv.cpp ****             asm volatile("csrw sstatus, %0" : : "r"(sstatus));
 903              		.loc 1 137 62 is_stmt 0
 904              	#APP
 905              	# 137 "src/riscv.cpp" 1
 138:src/riscv.cpp ****             sepc=tmpsepc+4;
 906              		csrw sstatus, s2
 907              	# 0 "" 2
 908              		.loc 1 138 13 is_stmt 1
 138:src/riscv.cpp ****             sepc=tmpsepc+4;
 909              		.loc 1 138 25 is_stmt 0
 910              	#NO_APP
 911 0214 93844400 		addi	s1,s1,4
 912              	.LVL41:
 138:src/riscv.cpp ****             sepc=tmpsepc+4;
 913              		.loc 1 138 17
 914 0218 233494FC 		sd	s1,-56(s0)
 915              	.LBE144:
 916 021c 6FF01FF4 		j	.L6
 917              	.LVL42:
 918              	.L33:
 919              	.LBB145:
 920              	.LBB134:
 143:src/riscv.cpp ****             uint64 sstatus;
 921              		.loc 1 143 13 is_stmt 1
 144:src/riscv.cpp ****             asm volatile("csrr  %0, sstatus" : "=r"(sstatus));
 922              		.loc 1 144 13
 144:src/riscv.cpp ****             asm volatile("csrr  %0, sstatus" : "=r"(sstatus));
 923              		.loc 1 144 62 is_stmt 0
 924              	#APP
 925              	# 144 "src/riscv.cpp" 1
 926              		csrr  s1, sstatus
 927              	# 0 "" 2
 928              	.LVL43:
 146:src/riscv.cpp ****             TCB::join((thread_t)a01);
 929              		.loc 1 146 13 is_stmt 1
 146:src/riscv.cpp ****             TCB::join((thread_t)a01);
 930              		.loc 1 146 22 is_stmt 0
GAS LISTING /tmp/ccxAiwcV.s 			page 28


 931              	#NO_APP
 932 0224 97000000 		call	_ZN3TCB4joinEPS_@plt
 932      E7800000 
 933              	.LVL44:
 147:src/riscv.cpp ****             asm volatile("csrw sstatus, %0" : : "r"(sstatus));
 934              		.loc 1 147 13 is_stmt 1
 147:src/riscv.cpp ****             asm volatile("csrw sstatus, %0" : : "r"(sstatus));
 935              		.loc 1 147 62 is_stmt 0
 936              	#APP
 937              	# 147 "src/riscv.cpp" 1
 938              		csrw sstatus, s1
 939              	# 0 "" 2
 940              	#NO_APP
 941              	.LBE134:
 942 0230 6FF0DFF2 		j	.L6
 943              	.LVL45:
 944              	.L34:
 945              	.LBB135:
 946              	.LBB125:
 152:src/riscv.cpp ****             uint64 sstatus;
 947              		.loc 1 152 13 is_stmt 1
 153:src/riscv.cpp ****             asm volatile("csrr  %0, sstatus" : "=r"(sstatus));
 948              		.loc 1 153 13
 153:src/riscv.cpp ****             asm volatile("csrr  %0, sstatus" : "=r"(sstatus));
 949              		.loc 1 153 62 is_stmt 0
 950              	#APP
 951              	# 153 "src/riscv.cpp" 1
 952              		csrr  s1, sstatus
 953              	# 0 "" 2
 954              	.LVL46:
 154:src/riscv.cpp ****             TCB::yield();
 955              		.loc 1 154 13 is_stmt 1
 154:src/riscv.cpp ****             TCB::yield();
 956              		.loc 1 154 23 is_stmt 0
 957              	#NO_APP
 958 0238 97000000 		call	_ZN3TCB5yieldEv@plt
 958      E7800000 
 959              	.LVL47:
 155:src/riscv.cpp ****             asm volatile("csrw sstatus, %0" : : "r"(sstatus));
 960              		.loc 1 155 13 is_stmt 1
 155:src/riscv.cpp ****             asm volatile("csrw sstatus, %0" : : "r"(sstatus));
 961              		.loc 1 155 62 is_stmt 0
 962              	#APP
 963              	# 155 "src/riscv.cpp" 1
 964              		csrw sstatus, s1
 965              	# 0 "" 2
 966              	#NO_APP
 967              	.LBE125:
 968 0244 6FF09FF1 		j	.L6
 969              	.LVL48:
 970              	.L35:
 971              	.LBB126:
 972              	.LBB117:
 161:src/riscv.cpp ****             uint64 sstatus;
 973              		.loc 1 161 13 is_stmt 1
 162:src/riscv.cpp ****             asm volatile("csrr  %0, sstatus" : "=r"(sstatus));
 974              		.loc 1 162 13
GAS LISTING /tmp/ccxAiwcV.s 			page 29


 162:src/riscv.cpp ****             asm volatile("csrr  %0, sstatus" : "=r"(sstatus));
 975              		.loc 1 162 62 is_stmt 0
 976              	#APP
 977              	# 162 "src/riscv.cpp" 1
 978              		csrr  s2, sstatus
 979              	# 0 "" 2
 980              	.LVL49:
 163:src/riscv.cpp ****             uint64 tmpsepc;
 981              		.loc 1 163 13 is_stmt 1
 164:src/riscv.cpp ****             asm volatile("csrr %0, sepc" : "=r"(tmpsepc));
 982              		.loc 1 164 13
 164:src/riscv.cpp ****             asm volatile("csrr %0, sepc" : "=r"(tmpsepc));
 983              		.loc 1 164 58 is_stmt 0
 984              	# 164 "src/riscv.cpp" 1
 985              		csrr s1, sepc
 986              	# 0 "" 2
 987              	.LVL50:
 165:src/riscv.cpp ****             semaphore::_sem_open((sem_t*)a01,(unsigned int)a02);
 988              		.loc 1 165 13 is_stmt 1
 165:src/riscv.cpp ****             semaphore::_sem_open((sem_t*)a01,(unsigned int)a02);
 989              		.loc 1 165 33 is_stmt 0
 990              	#NO_APP
 991 0250 9B850500 		sext.w	a1,a1
 992              	.LVL51:
 993 0254 97000000 		call	_ZN9semaphore9_sem_openEPPS_j@plt
 993      E7800000 
 994              	.LVL52:
 166:src/riscv.cpp ****             asm volatile("csrw sstatus, %0" : : "r"(sstatus));
 995              		.loc 1 166 13 is_stmt 1
 166:src/riscv.cpp ****             asm volatile("csrw sstatus, %0" : : "r"(sstatus));
 996              		.loc 1 166 62 is_stmt 0
 997              	#APP
 998              	# 166 "src/riscv.cpp" 1
 167:src/riscv.cpp ****             sepc=tmpsepc+4;
 999              		csrw sstatus, s2
 1000              	# 0 "" 2
 1001              		.loc 1 167 13 is_stmt 1
 167:src/riscv.cpp ****             sepc=tmpsepc+4;
 1002              		.loc 1 167 25 is_stmt 0
 1003              	#NO_APP
 1004 0260 93844400 		addi	s1,s1,4
 1005              	.LVL53:
 167:src/riscv.cpp ****             sepc=tmpsepc+4;
 1006              		.loc 1 167 17
 1007 0264 233494FC 		sd	s1,-56(s0)
 1008              	.LBE117:
 1009 0268 6FF05FEF 		j	.L6
 1010              	.LVL54:
 1011              	.L36:
 1012              	.LBB118:
 1013              	.LBB110:
 171:src/riscv.cpp ****             uint64 sstatus;
 1014              		.loc 1 171 13 is_stmt 1
 172:src/riscv.cpp ****             asm volatile("csrr  %0, sstatus" : "=r"(sstatus));
 1015              		.loc 1 172 13
 172:src/riscv.cpp ****             asm volatile("csrr  %0, sstatus" : "=r"(sstatus));
 1016              		.loc 1 172 62 is_stmt 0
GAS LISTING /tmp/ccxAiwcV.s 			page 30


 1017              	#APP
 1018              	# 172 "src/riscv.cpp" 1
 1019              		csrr  s1, sstatus
 1020              	# 0 "" 2
 1021              	.LVL55:
 173:src/riscv.cpp ****             semaphore::_sem_close((sem_t)a01);
 1022              		.loc 1 173 13 is_stmt 1
 173:src/riscv.cpp ****             semaphore::_sem_close((sem_t)a01);
 1023              		.loc 1 173 34 is_stmt 0
 1024              	#NO_APP
 1025 0270 97000000 		call	_ZN9semaphore10_sem_closeEPS_@plt
 1025      E7800000 
 1026              	.LVL56:
 174:src/riscv.cpp ****             asm volatile("csrw sstatus, %0" : : "r"(sstatus));
 1027              		.loc 1 174 13 is_stmt 1
 174:src/riscv.cpp ****             asm volatile("csrw sstatus, %0" : : "r"(sstatus));
 1028              		.loc 1 174 62 is_stmt 0
 1029              	#APP
 1030              	# 174 "src/riscv.cpp" 1
 1031              		csrw sstatus, s1
 1032              	# 0 "" 2
 1033              	#NO_APP
 1034              	.LBE110:
 1035 027c 6FF01FEE 		j	.L6
 1036              	.LVL57:
 1037              	.L37:
 1038              	.LBB111:
 1039              	.LBB104:
 179:src/riscv.cpp ****             uint64 sstatus;
 1040              		.loc 1 179 13 is_stmt 1
 180:src/riscv.cpp ****             asm volatile("csrr  %0, sstatus" : "=r"(sstatus));
 1041              		.loc 1 180 13
 180:src/riscv.cpp ****             asm volatile("csrr  %0, sstatus" : "=r"(sstatus));
 1042              		.loc 1 180 62 is_stmt 0
 1043              	#APP
 1044              	# 180 "src/riscv.cpp" 1
 1045              		csrr  s1, sstatus
 1046              	# 0 "" 2
 1047              	.LVL58:
 181:src/riscv.cpp ****             semaphore::_sem_wait((sem_t)a01);
 1048              		.loc 1 181 13 is_stmt 1
 181:src/riscv.cpp ****             semaphore::_sem_wait((sem_t)a01);
 1049              		.loc 1 181 33 is_stmt 0
 1050              	#NO_APP
 1051 0284 97000000 		call	_ZN9semaphore9_sem_waitEPS_@plt
 1051      E7800000 
 1052              	.LVL59:
 182:src/riscv.cpp ****             asm volatile("csrw sstatus, %0" : : "r"(sstatus));
 1053              		.loc 1 182 13 is_stmt 1
 182:src/riscv.cpp ****             asm volatile("csrw sstatus, %0" : : "r"(sstatus));
 1054              		.loc 1 182 62 is_stmt 0
 1055              	#APP
 1056              	# 182 "src/riscv.cpp" 1
 1057              		csrw sstatus, s1
 1058              	# 0 "" 2
 1059              	#NO_APP
 1060              	.LBE104:
GAS LISTING /tmp/ccxAiwcV.s 			page 31


 1061 0290 6FF0DFEC 		j	.L6
 1062              	.LVL60:
 1063              	.L38:
 1064              	.LBB105:
 1065              	.LBB99:
 186:src/riscv.cpp ****             uint64 sstatus;
 1066              		.loc 1 186 13 is_stmt 1
 187:src/riscv.cpp ****             asm volatile("csrr  %0, sstatus" : "=r"(sstatus));
 1067              		.loc 1 187 13
 187:src/riscv.cpp ****             asm volatile("csrr  %0, sstatus" : "=r"(sstatus));
 1068              		.loc 1 187 62 is_stmt 0
 1069              	#APP
 1070              	# 187 "src/riscv.cpp" 1
 1071              		csrr  s1, sstatus
 1072              	# 0 "" 2
 1073              	.LVL61:
 188:src/riscv.cpp ****             semaphore::_sem_signal((sem_t)a01);
 1074              		.loc 1 188 13 is_stmt 1
 188:src/riscv.cpp ****             semaphore::_sem_signal((sem_t)a01);
 1075              		.loc 1 188 35 is_stmt 0
 1076              	#NO_APP
 1077 0298 97000000 		call	_ZN9semaphore11_sem_signalEPS_@plt
 1077      E7800000 
 1078              	.LVL62:
 189:src/riscv.cpp ****             asm volatile("csrw sstatus, %0" : : "r"(sstatus));
 1079              		.loc 1 189 13 is_stmt 1
 189:src/riscv.cpp ****             asm volatile("csrw sstatus, %0" : : "r"(sstatus));
 1080              		.loc 1 189 62 is_stmt 0
 1081              	#APP
 1082              	# 189 "src/riscv.cpp" 1
 1083              		csrw sstatus, s1
 1084              	# 0 "" 2
 1085              	#NO_APP
 1086              	.LBE99:
 1087 02a4 6FF09FEB 		j	.L6
 1088              	.LVL63:
 1089              	.L39:
 1090              	.LBB100:
 1091              	.LBB95:
 193:src/riscv.cpp ****             uint64 sstatus;
 1092              		.loc 1 193 13 is_stmt 1
 194:src/riscv.cpp ****             asm volatile("csrr  %0, sstatus" : "=r"(sstatus));
 1093              		.loc 1 194 13
 194:src/riscv.cpp ****             asm volatile("csrr  %0, sstatus" : "=r"(sstatus));
 1094              		.loc 1 194 62 is_stmt 0
 1095              	#APP
 1096              	# 194 "src/riscv.cpp" 1
 1097              		csrr  s2, sstatus
 1098              	# 0 "" 2
 1099              	.LVL64:
 196:src/riscv.cpp ****             char ret=__getc();
 1100              		.loc 1 196 13 is_stmt 1
 196:src/riscv.cpp ****             char ret=__getc();
 1101              		.loc 1 196 28 is_stmt 0
 1102              	#NO_APP
 1103 02ac 97000000 		call	__getc@plt
 1103      E7800000 
GAS LISTING /tmp/ccxAiwcV.s 			page 32


 1104              	.LVL65:
 198:src/riscv.cpp ****             asm volatile("csrw sstatus, %0" : : "r"(sstatus));
 1105              		.loc 1 198 13 is_stmt 1
 198:src/riscv.cpp ****             asm volatile("csrw sstatus, %0" : : "r"(sstatus));
 1106              		.loc 1 198 62 is_stmt 0
 1107              	#APP
 1108              	# 198 "src/riscv.cpp" 1
 200:src/riscv.cpp ****             __asm__ volatile("mv a0, %0" : : "r" (ret));
 1109              		csrw sstatus, s2
 1110              	# 0 "" 2
 1111              		.loc 1 200 13 is_stmt 1
 200:src/riscv.cpp ****             __asm__ volatile("mv a0, %0" : : "r" (ret));
 1112              		.loc 1 200 56 is_stmt 0
 1113              	# 200 "src/riscv.cpp" 1
 201:src/riscv.cpp ****             __asm__ volatile("sd a0,0x50(%0)" : : "r"(sscratchsp));
 1114              		mv a0, a0
 1115              	# 0 "" 2
 1116              		.loc 1 201 13 is_stmt 1
 201:src/riscv.cpp ****             __asm__ volatile("sd a0,0x50(%0)" : : "r"(sscratchsp));
 1117              		.loc 1 201 67 is_stmt 0
 1118              	# 201 "src/riscv.cpp" 1
 1119              		sd a0,0x50(s1)
 1120              	# 0 "" 2
 1121              	#NO_APP
 1122              	.LBE95:
 1123 02c0 6FF0DFE9 		j	.L6
 1124              	.LVL66:
 1125              	.L40:
 1126              	.LBB96:
 1127              	.LBB93:
 206:src/riscv.cpp ****             uint64 sstatus;
 1128              		.loc 1 206 13 is_stmt 1
 207:src/riscv.cpp ****             asm volatile("csrr  %0, sstatus" : "=r"(sstatus));
 1129              		.loc 1 207 13
 207:src/riscv.cpp ****             asm volatile("csrr  %0, sstatus" : "=r"(sstatus));
 1130              		.loc 1 207 62 is_stmt 0
 1131              	#APP
 1132              	# 207 "src/riscv.cpp" 1
 1133              		csrr  s1, sstatus
 1134              	# 0 "" 2
 1135              	.LVL67:
 208:src/riscv.cpp ****             __putc((char)a01);
 1136              		.loc 1 208 13 is_stmt 1
 208:src/riscv.cpp ****             __putc((char)a01);
 1137              		.loc 1 208 19 is_stmt 0
 1138              	#NO_APP
 1139 02c8 1375F50F 		andi	a0,a0,0xff
 1140              	.LVL68:
 1141 02cc 97000000 		call	__putc@plt
 1141      E7800000 
 1142              	.LVL69:
 209:src/riscv.cpp ****             asm volatile("csrw sstatus, %0" : : "r"(sstatus));
 1143              		.loc 1 209 13 is_stmt 1
 209:src/riscv.cpp ****             asm volatile("csrw sstatus, %0" : : "r"(sstatus));
 1144              		.loc 1 209 62 is_stmt 0
 1145              	#APP
 1146              	# 209 "src/riscv.cpp" 1
GAS LISTING /tmp/ccxAiwcV.s 			page 33


 1147              		csrw sstatus, s1
 1148              	# 0 "" 2
 1149              	#NO_APP
 1150              	.LBE93:
 1151 02d8 6FF05FE8 		j	.L6
 1152              	.LVL70:
 1153              	.L25:
 1154              	.LBE96:
 1155              	.LBE100:
 1156              	.LBE105:
 1157              	.LBE111:
 1158              	.LBE118:
 1159              	.LBE126:
 1160              	.LBE135:
 1161              	.LBE145:
 1162              	.LBE156:
 1163              	.LBE168:
 1164              	.LBE181:
 1165              	.LBE195:
 1166              	.LBE210:
 1167              	.LBE226:
 1168              	.LBE244:
 1169              	.LBE260:
 230:src/riscv.cpp ****         __asm__ volatile("csrc sip, 0x02");
 1170              		.loc 1 230 9 is_stmt 1
 230:src/riscv.cpp ****         __asm__ volatile("csrc sip, 0x02");
 1171              		.loc 1 230 43 is_stmt 0
 1172              	#APP
 1173              	# 230 "src/riscv.cpp" 1
 1174              		csrc sip, 0x02
 1175              	# 0 "" 2
 1176              	#NO_APP
 1177 02e0 6FF05FE8 		j	.L3
 1178              	.LBE276:
 1179              		.cfi_endproc
 1180              	.LFE58:
 1182              	.Letext0:
 1183              		.file 3 "src/../h/../lib/hw.h"
 1184              		.file 4 "src/../h/../h/MemoryAllocator.hpp"
 1185              		.file 5 "src/../h/../h/list.hpp"
 1186              		.file 6 "src/../h/tcb.hpp"
 1187              		.file 7 "src/../h/../h/syscall_c.h"
 1188              		.file 8 "src/../h/semaphore.hpp"
 1189              		.file 9 "src/../lib/console.h"
GAS LISTING /tmp/ccxAiwcV.s 			page 34


DEFINED SYMBOLS
                            *ABS*:0000000000000000 riscv.cpp
     /tmp/ccxAiwcV.s:9      .text:0000000000000000 _ZN5Riscv10popSppSpieEv
     /tmp/ccxAiwcV.s:13     .text:0000000000000000 .L0 
     /tmp/ccxAiwcV.s:14     .text:0000000000000000 .L0 
     /tmp/ccxAiwcV.s:15     .text:0000000000000004 .L0 
     /tmp/ccxAiwcV.s:17     .text:0000000000000008 .L0 
     /tmp/ccxAiwcV.s:19     .text:000000000000000c .L0 
     /tmp/ccxAiwcV.s:25     .text:000000000000000c .L0 
     /tmp/ccxAiwcV.s:26     .text:000000000000000c .L0 
     /tmp/ccxAiwcV.s:27     .text:000000000000000c .L0 
     /tmp/ccxAiwcV.s:37     .text:0000000000000014 .L0 
       src/riscv.cpp:12     .text:0000000000000014 .L0 
     /tmp/ccxAiwcV.s:43     .text:0000000000000018 .L0 
       src/riscv.cpp:13     .text:0000000000000018 .L0 
     /tmp/ccxAiwcV.s:49     .text:000000000000001c .L0 
     /tmp/ccxAiwcV.s:50     .text:0000000000000020 .L0 
     /tmp/ccxAiwcV.s:51     .text:0000000000000020 .L0 
     /tmp/ccxAiwcV.s:53     .text:0000000000000024 .L0 
     /tmp/ccxAiwcV.s:55     .text:0000000000000028 .L0 
     /tmp/ccxAiwcV.s:61     .text:0000000000000028 _ZN5Riscv20handleSupervisorTrapEv
     /tmp/ccxAiwcV.s:64     .text:0000000000000028 .L0 
     /tmp/ccxAiwcV.s:65     .text:0000000000000028 .L0 
     /tmp/ccxAiwcV.s:66     .text:000000000000002c .L0 
     /tmp/ccxAiwcV.s:71     .text:000000000000003c .L0 
     /tmp/ccxAiwcV.s:72     .text:000000000000003c .L0 
     /tmp/ccxAiwcV.s:73     .text:000000000000003c .L0 
     /tmp/ccxAiwcV.s:74     .text:000000000000003c .L0 
     /tmp/ccxAiwcV.s:76     .text:0000000000000040 .L0 
     /tmp/ccxAiwcV.s:80     .text:0000000000000040 .L0 
     /tmp/ccxAiwcV.s:81     .text:0000000000000040 .L0 
     /tmp/ccxAiwcV.s:82     .text:0000000000000040 .L0 
  src/../h/riscv.hpp:100    .text:0000000000000040 .L0 
     /tmp/ccxAiwcV.s:92     .text:0000000000000044 .L0 
     /tmp/ccxAiwcV.s:95     .text:0000000000000044 .L0 
     /tmp/ccxAiwcV.s:96     .text:0000000000000044 .L0 
     /tmp/ccxAiwcV.s:97     .text:0000000000000044 .L0 
  src/../h/riscv.hpp:107    .text:0000000000000044 .L0 
     /tmp/ccxAiwcV.s:107    .text:0000000000000048 .L0 
     /tmp/ccxAiwcV.s:110    .text:0000000000000048 .L0 
     /tmp/ccxAiwcV.s:111    .text:0000000000000048 .L0 
     /tmp/ccxAiwcV.s:112    .text:0000000000000048 .L0 
  src/../h/riscv.hpp:114    .text:0000000000000048 .L0 
     /tmp/ccxAiwcV.s:122    .text:000000000000004c .L0 
     /tmp/ccxAiwcV.s:125    .text:000000000000004c .L0 
     /tmp/ccxAiwcV.s:126    .text:000000000000004c .L0 
     /tmp/ccxAiwcV.s:127    .text:000000000000004c .L0 
  src/../h/riscv.hpp:120    .text:000000000000004c .L0 
     /tmp/ccxAiwcV.s:137    .text:0000000000000050 .L0 
     /tmp/ccxAiwcV.s:138    .text:0000000000000050 .L0 
     /tmp/ccxAiwcV.s:139    .text:0000000000000050 .L0 
       src/riscv.cpp:23     .text:0000000000000050 .L0 
     /tmp/ccxAiwcV.s:149    .text:0000000000000054 .L0 
     /tmp/ccxAiwcV.s:150    .text:0000000000000054 .L0 
     /tmp/ccxAiwcV.s:151    .text:0000000000000054 .L0 
  src/../h/riscv.hpp:132    .text:0000000000000054 .L0 
     /tmp/ccxAiwcV.s:159    .text:000000000000005c .L0 
GAS LISTING /tmp/ccxAiwcV.s 			page 35


     /tmp/ccxAiwcV.s:160    .text:000000000000005c .L0 
     /tmp/ccxAiwcV.s:166    .text:0000000000000060 .L0 
     /tmp/ccxAiwcV.s:167    .text:0000000000000060 .L0 
     /tmp/ccxAiwcV.s:169    .text:0000000000000064 .L0 
     /tmp/ccxAiwcV.s:172    .text:000000000000006c .L0 
     /tmp/ccxAiwcV.s:178    .text:000000000000007c .L0 
     /tmp/ccxAiwcV.s:183    .text:000000000000008c .L0 
     /tmp/ccxAiwcV.s:184    .text:000000000000008c .L0 
     /tmp/ccxAiwcV.s:193    .text:0000000000000098 .L0 
     /tmp/ccxAiwcV.s:194    .text:0000000000000098 .L0 
     /tmp/ccxAiwcV.s:195    .text:0000000000000098 .L0 
  src/../h/riscv.hpp:144    .text:0000000000000098 .L0 
     /tmp/ccxAiwcV.s:204    .text:00000000000000a0 .L0 
     /tmp/ccxAiwcV.s:205    .text:00000000000000a0 .L0 
     /tmp/ccxAiwcV.s:209    .text:00000000000000a4 .L0 
     /tmp/ccxAiwcV.s:211    .text:00000000000000a8 .L0 
     /tmp/ccxAiwcV.s:214    .text:00000000000000ac .L0 
     /tmp/ccxAiwcV.s:224    .text:00000000000000b4 .L0 
     /tmp/ccxAiwcV.s:236    .text:00000000000000bc .L0 
     /tmp/ccxAiwcV.s:250    .text:00000000000000c4 .L0 
     /tmp/ccxAiwcV.s:266    .text:00000000000000cc .L0 
     /tmp/ccxAiwcV.s:284    .text:00000000000000d4 .L0 
     /tmp/ccxAiwcV.s:304    .text:00000000000000dc .L0 
     /tmp/ccxAiwcV.s:326    .text:00000000000000e4 .L0 
     /tmp/ccxAiwcV.s:350    .text:00000000000000ec .L0 
     /tmp/ccxAiwcV.s:376    .text:00000000000000f4 .L0 
     /tmp/ccxAiwcV.s:404    .text:00000000000000fc .L0 
     /tmp/ccxAiwcV.s:434    .text:0000000000000104 .L0 
     /tmp/ccxAiwcV.s:466    .text:000000000000010c .L0 
     /tmp/ccxAiwcV.s:500    .text:0000000000000114 .L0 
     /tmp/ccxAiwcV.s:536    .text:000000000000011c .L0 
     /tmp/ccxAiwcV.s:574    .text:0000000000000124 .L0 
     /tmp/ccxAiwcV.s:578    .text:000000000000012c .L0 
     /tmp/ccxAiwcV.s:579    .text:000000000000012c .L0 
       src/riscv.cpp:215    .text:000000000000012c .L0 
     /tmp/ccxAiwcV.s:589    .text:0000000000000130 .L0 
     /tmp/ccxAiwcV.s:590    .text:0000000000000130 .L0 
     /tmp/ccxAiwcV.s:591    .text:0000000000000130 .L0 
     /tmp/ccxAiwcV.s:601    .text:0000000000000138 .L0 
     /tmp/ccxAiwcV.s:602    .text:0000000000000138 .L0 
     /tmp/ccxAiwcV.s:607    .text:000000000000013c .L0 
  src/../h/riscv.hpp:150    .text:000000000000013c .L0 
     /tmp/ccxAiwcV.s:617    .text:0000000000000140 .L0 
     /tmp/ccxAiwcV.s:638    .text:0000000000000144 .L0 
     /tmp/ccxAiwcV.s:639    .text:0000000000000144 .L0 
       src/riscv.cpp:35     .text:0000000000000144 .L0 
     /tmp/ccxAiwcV.s:646    .text:0000000000000148 .L0 
     /tmp/ccxAiwcV.s:648    .text:0000000000000148 .L0 
     /tmp/ccxAiwcV.s:651    .text:0000000000000150 .L0 
       src/riscv.cpp:40     .text:0000000000000150 .L0 
     /tmp/ccxAiwcV.s:657    .text:0000000000000154 .L0 
       src/riscv.cpp:43     .text:0000000000000154 .L0 
     /tmp/ccxAiwcV.s:662    .text:0000000000000158 .L0 
       src/riscv.cpp:44     .text:0000000000000158 .L0 
     /tmp/ccxAiwcV.s:672    .text:000000000000015c .L0 
     /tmp/ccxAiwcV.s:673    .text:000000000000015c .L0 
     /tmp/ccxAiwcV.s:678    .text:0000000000000160 .L0 
GAS LISTING /tmp/ccxAiwcV.s 			page 36


  src/../h/riscv.hpp:150    .text:0000000000000160 .L0 
     /tmp/ccxAiwcV.s:691    .text:0000000000000164 .L0 
     /tmp/ccxAiwcV.s:692    .text:0000000000000168 .L0 
     /tmp/ccxAiwcV.s:693    .text:0000000000000168 .L0 
     /tmp/ccxAiwcV.s:695    .text:000000000000016c .L0 
     /tmp/ccxAiwcV.s:696    .text:000000000000016c .L0 
     /tmp/ccxAiwcV.s:698    .text:0000000000000170 .L0 
     /tmp/ccxAiwcV.s:700    .text:0000000000000174 .L0 
     /tmp/ccxAiwcV.s:702    .text:0000000000000178 .L0 
     /tmp/ccxAiwcV.s:706    .text:000000000000017c .L0 
     /tmp/ccxAiwcV.s:713    .text:000000000000017c .L0 
     /tmp/ccxAiwcV.s:714    .text:000000000000017c .L0 
       src/riscv.cpp:52     .text:000000000000017c .L0 
     /tmp/ccxAiwcV.s:721    .text:0000000000000180 .L0 
     /tmp/ccxAiwcV.s:723    .text:0000000000000180 .L0 
     /tmp/ccxAiwcV.s:726    .text:0000000000000188 .L0 
       src/riscv.cpp:57     .text:0000000000000188 .L0 
     /tmp/ccxAiwcV.s:732    .text:000000000000018c .L0 
       src/riscv.cpp:60     .text:000000000000018c .L0 
     /tmp/ccxAiwcV.s:737    .text:0000000000000190 .L0 
       src/riscv.cpp:61     .text:0000000000000190 .L0 
     /tmp/ccxAiwcV.s:749    .text:0000000000000198 .L0 
     /tmp/ccxAiwcV.s:750    .text:0000000000000198 .L0 
       src/riscv.cpp:68     .text:0000000000000198 .L0 
     /tmp/ccxAiwcV.s:757    .text:000000000000019c .L0 
     /tmp/ccxAiwcV.s:759    .text:000000000000019c .L0 
     /tmp/ccxAiwcV.s:762    .text:00000000000001a4 .L0 
       src/riscv.cpp:73     .text:00000000000001a4 .L0 
     /tmp/ccxAiwcV.s:768    .text:00000000000001a8 .L0 
       src/riscv.cpp:76     .text:00000000000001a8 .L0 
     /tmp/ccxAiwcV.s:773    .text:00000000000001ac .L0 
       src/riscv.cpp:77     .text:00000000000001ac .L0 
     /tmp/ccxAiwcV.s:785    .text:00000000000001b4 .L0 
     /tmp/ccxAiwcV.s:786    .text:00000000000001b4 .L0 
       src/riscv.cpp:85     .text:00000000000001b4 .L0 
     /tmp/ccxAiwcV.s:793    .text:00000000000001b8 .L0 
     /tmp/ccxAiwcV.s:795    .text:00000000000001b8 .L0 
     /tmp/ccxAiwcV.s:798    .text:00000000000001c0 .L0 
       src/riscv.cpp:90     .text:00000000000001c0 .L0 
     /tmp/ccxAiwcV.s:804    .text:00000000000001c4 .L0 
       src/riscv.cpp:93     .text:00000000000001c4 .L0 
     /tmp/ccxAiwcV.s:809    .text:00000000000001c8 .L0 
       src/riscv.cpp:94     .text:00000000000001c8 .L0 
     /tmp/ccxAiwcV.s:821    .text:00000000000001d0 .L0 
     /tmp/ccxAiwcV.s:822    .text:00000000000001d0 .L0 
       src/riscv.cpp:102    .text:00000000000001d0 .L0 
     /tmp/ccxAiwcV.s:829    .text:00000000000001d4 .L0 
     /tmp/ccxAiwcV.s:831    .text:00000000000001d4 .L0 
     /tmp/ccxAiwcV.s:834    .text:00000000000001dc .L0 
       src/riscv.cpp:107    .text:00000000000001dc .L0 
     /tmp/ccxAiwcV.s:840    .text:00000000000001e0 .L0 
       src/riscv.cpp:110    .text:00000000000001e0 .L0 
     /tmp/ccxAiwcV.s:845    .text:00000000000001e4 .L0 
       src/riscv.cpp:111    .text:00000000000001e4 .L0 
     /tmp/ccxAiwcV.s:857    .text:00000000000001ec .L0 
     /tmp/ccxAiwcV.s:858    .text:00000000000001ec .L0 
       src/riscv.cpp:120    .text:00000000000001ec .L0 
GAS LISTING /tmp/ccxAiwcV.s 			page 37


     /tmp/ccxAiwcV.s:865    .text:00000000000001f0 .L0 
     /tmp/ccxAiwcV.s:867    .text:00000000000001f0 .L0 
     /tmp/ccxAiwcV.s:870    .text:00000000000001f8 .L0 
       src/riscv.cpp:124    .text:00000000000001f8 .L0 
     /tmp/ccxAiwcV.s:883    .text:0000000000000200 .L0 
     /tmp/ccxAiwcV.s:884    .text:0000000000000200 .L0 
       src/riscv.cpp:132    .text:0000000000000200 .L0 
     /tmp/ccxAiwcV.s:891    .text:0000000000000204 .L0 
     /tmp/ccxAiwcV.s:892    .text:0000000000000204 .L0 
       src/riscv.cpp:134    .text:0000000000000204 .L0 
     /tmp/ccxAiwcV.s:898    .text:0000000000000208 .L0 
     /tmp/ccxAiwcV.s:900    .text:0000000000000208 .L0 
     /tmp/ccxAiwcV.s:903    .text:0000000000000210 .L0 
       src/riscv.cpp:137    .text:0000000000000210 .L0 
     /tmp/ccxAiwcV.s:909    .text:0000000000000214 .L0 
     /tmp/ccxAiwcV.s:911    .text:0000000000000214 .L0 
     /tmp/ccxAiwcV.s:914    .text:0000000000000218 .L0 
     /tmp/ccxAiwcV.s:922    .text:0000000000000220 .L0 
     /tmp/ccxAiwcV.s:923    .text:0000000000000220 .L0 
       src/riscv.cpp:144    .text:0000000000000220 .L0 
     /tmp/ccxAiwcV.s:930    .text:0000000000000224 .L0 
     /tmp/ccxAiwcV.s:932    .text:0000000000000224 .L0 
     /tmp/ccxAiwcV.s:935    .text:000000000000022c .L0 
       src/riscv.cpp:147    .text:000000000000022c .L0 
     /tmp/ccxAiwcV.s:948    .text:0000000000000234 .L0 
     /tmp/ccxAiwcV.s:949    .text:0000000000000234 .L0 
       src/riscv.cpp:153    .text:0000000000000234 .L0 
     /tmp/ccxAiwcV.s:956    .text:0000000000000238 .L0 
     /tmp/ccxAiwcV.s:958    .text:0000000000000238 .L0 
     /tmp/ccxAiwcV.s:961    .text:0000000000000240 .L0 
       src/riscv.cpp:155    .text:0000000000000240 .L0 
     /tmp/ccxAiwcV.s:974    .text:0000000000000248 .L0 
     /tmp/ccxAiwcV.s:975    .text:0000000000000248 .L0 
       src/riscv.cpp:162    .text:0000000000000248 .L0 
     /tmp/ccxAiwcV.s:982    .text:000000000000024c .L0 
     /tmp/ccxAiwcV.s:983    .text:000000000000024c .L0 
       src/riscv.cpp:164    .text:000000000000024c .L0 
     /tmp/ccxAiwcV.s:989    .text:0000000000000250 .L0 
     /tmp/ccxAiwcV.s:991    .text:0000000000000250 .L0 
     /tmp/ccxAiwcV.s:996    .text:000000000000025c .L0 
       src/riscv.cpp:166    .text:000000000000025c .L0 
     /tmp/ccxAiwcV.s:1002   .text:0000000000000260 .L0 
     /tmp/ccxAiwcV.s:1004   .text:0000000000000260 .L0 
     /tmp/ccxAiwcV.s:1007   .text:0000000000000264 .L0 
     /tmp/ccxAiwcV.s:1015   .text:000000000000026c .L0 
     /tmp/ccxAiwcV.s:1016   .text:000000000000026c .L0 
       src/riscv.cpp:172    .text:000000000000026c .L0 
     /tmp/ccxAiwcV.s:1023   .text:0000000000000270 .L0 
     /tmp/ccxAiwcV.s:1025   .text:0000000000000270 .L0 
     /tmp/ccxAiwcV.s:1028   .text:0000000000000278 .L0 
       src/riscv.cpp:174    .text:0000000000000278 .L0 
     /tmp/ccxAiwcV.s:1041   .text:0000000000000280 .L0 
     /tmp/ccxAiwcV.s:1042   .text:0000000000000280 .L0 
       src/riscv.cpp:180    .text:0000000000000280 .L0 
     /tmp/ccxAiwcV.s:1049   .text:0000000000000284 .L0 
     /tmp/ccxAiwcV.s:1051   .text:0000000000000284 .L0 
     /tmp/ccxAiwcV.s:1054   .text:000000000000028c .L0 
GAS LISTING /tmp/ccxAiwcV.s 			page 38


       src/riscv.cpp:182    .text:000000000000028c .L0 
     /tmp/ccxAiwcV.s:1067   .text:0000000000000294 .L0 
     /tmp/ccxAiwcV.s:1068   .text:0000000000000294 .L0 
       src/riscv.cpp:187    .text:0000000000000294 .L0 
     /tmp/ccxAiwcV.s:1075   .text:0000000000000298 .L0 
     /tmp/ccxAiwcV.s:1077   .text:0000000000000298 .L0 
     /tmp/ccxAiwcV.s:1080   .text:00000000000002a0 .L0 
       src/riscv.cpp:189    .text:00000000000002a0 .L0 
     /tmp/ccxAiwcV.s:1093   .text:00000000000002a8 .L0 
     /tmp/ccxAiwcV.s:1094   .text:00000000000002a8 .L0 
       src/riscv.cpp:194    .text:00000000000002a8 .L0 
     /tmp/ccxAiwcV.s:1101   .text:00000000000002ac .L0 
     /tmp/ccxAiwcV.s:1103   .text:00000000000002ac .L0 
     /tmp/ccxAiwcV.s:1106   .text:00000000000002b4 .L0 
       src/riscv.cpp:198    .text:00000000000002b4 .L0 
     /tmp/ccxAiwcV.s:1112   .text:00000000000002b8 .L0 
       src/riscv.cpp:200    .text:00000000000002b8 .L0 
     /tmp/ccxAiwcV.s:1117   .text:00000000000002bc .L0 
       src/riscv.cpp:201    .text:00000000000002bc .L0 
     /tmp/ccxAiwcV.s:1129   .text:00000000000002c4 .L0 
     /tmp/ccxAiwcV.s:1130   .text:00000000000002c4 .L0 
       src/riscv.cpp:207    .text:00000000000002c4 .L0 
     /tmp/ccxAiwcV.s:1137   .text:00000000000002c8 .L0 
     /tmp/ccxAiwcV.s:1139   .text:00000000000002c8 .L0 
     /tmp/ccxAiwcV.s:1144   .text:00000000000002d4 .L0 
       src/riscv.cpp:209    .text:00000000000002d4 .L0 
     /tmp/ccxAiwcV.s:1171   .text:00000000000002dc .L0 
       src/riscv.cpp:230    .text:00000000000002dc .L0 
     /tmp/ccxAiwcV.s:1179   .text:00000000000002e4 .L0 
     /tmp/ccxAiwcV.s:1190   .text:00000000000002e4 .L0 
     /tmp/ccxAiwcV.s:188    .text:0000000000000098 .L24
     /tmp/ccxAiwcV.s:1153   .text:00000000000002dc .L25
     /tmp/ccxAiwcV.s:685    .text:0000000000000164 .L3
     /tmp/ccxAiwcV.s:619    .text:0000000000000144 .L26
     /tmp/ccxAiwcV.s:705    .text:000000000000017c .L27
     /tmp/ccxAiwcV.s:745    .text:0000000000000198 .L28
     /tmp/ccxAiwcV.s:781    .text:00000000000001b4 .L29
     /tmp/ccxAiwcV.s:817    .text:00000000000001d0 .L30
     /tmp/ccxAiwcV.s:853    .text:00000000000001ec .L31
     /tmp/ccxAiwcV.s:879    .text:0000000000000200 .L32
     /tmp/ccxAiwcV.s:918    .text:0000000000000220 .L33
     /tmp/ccxAiwcV.s:944    .text:0000000000000234 .L34
     /tmp/ccxAiwcV.s:970    .text:0000000000000248 .L35
     /tmp/ccxAiwcV.s:1011   .text:000000000000026c .L36
     /tmp/ccxAiwcV.s:1037   .text:0000000000000280 .L37
     /tmp/ccxAiwcV.s:1063   .text:0000000000000294 .L38
     /tmp/ccxAiwcV.s:1089   .text:00000000000002a8 .L39
     /tmp/ccxAiwcV.s:1125   .text:00000000000002c4 .L40
     /tmp/ccxAiwcV.s:668    .text:000000000000015c .L6
     /tmp/ccxAiwcV.s:3028   .debug_abbrev:0000000000000000 .Ldebug_abbrev0
     /tmp/ccxAiwcV.s:5107   .debug_str:000000000000097a .LASF184
     /tmp/ccxAiwcV.s:5167   .debug_str:0000000000000bc1 .LASF185
     /tmp/ccxAiwcV.s:4949   .debug_str:000000000000054e .LASF186
     /tmp/ccxAiwcV.s:5      .text:0000000000000000 .Ltext0
     /tmp/ccxAiwcV.s:1182   .text:00000000000002e4 .Letext0
     /tmp/ccxAiwcV.s:4795   .debug_line:0000000000000000 .Ldebug_line0
     /tmp/ccxAiwcV.s:4925   .debug_str:000000000000047b .LASF0
GAS LISTING /tmp/ccxAiwcV.s 			page 39


     /tmp/ccxAiwcV.s:4953   .debug_str:0000000000000583 .LASF1
     /tmp/ccxAiwcV.s:5049   .debug_str:0000000000000815 .LASF2
     /tmp/ccxAiwcV.s:5057   .debug_str:0000000000000850 .LASF4
     /tmp/ccxAiwcV.s:4935   .debug_str:00000000000004bf .LASF3
     /tmp/ccxAiwcV.s:4813   .debug_str:0000000000000092 .LASF5
     /tmp/ccxAiwcV.s:5009   .debug_str:00000000000006e7 .LASF6
     /tmp/ccxAiwcV.s:4945   .debug_str:0000000000000528 .LASF7
     /tmp/ccxAiwcV.s:4899   .debug_str:00000000000003a7 .LASF8
     /tmp/ccxAiwcV.s:4909   .debug_str:00000000000003fc .LASF9
     /tmp/ccxAiwcV.s:4843   .debug_str:000000000000019a .LASF10
     /tmp/ccxAiwcV.s:4893   .debug_str:000000000000035b .LASF11
     /tmp/ccxAiwcV.s:4857   .debug_str:0000000000000211 .LASF12
     /tmp/ccxAiwcV.s:4841   .debug_str:000000000000018a .LASF13
     /tmp/ccxAiwcV.s:5087   .debug_str:0000000000000913 .LASF14
     /tmp/ccxAiwcV.s:4881   .debug_str:00000000000002d1 .LASF15
     /tmp/ccxAiwcV.s:5073   .debug_str:00000000000008a9 .LASF16
     /tmp/ccxAiwcV.s:5147   .debug_str:0000000000000b77 .LASF70
     /tmp/ccxAiwcV.s:5133   .debug_str:0000000000000b0b .LASF187
     /tmp/ccxAiwcV.s:4887   .debug_str:000000000000031e .LASF17
     /tmp/ccxAiwcV.s:5105   .debug_str:000000000000096d .LASF18
     /tmp/ccxAiwcV.s:4863   .debug_str:0000000000000241 .LASF19
     /tmp/ccxAiwcV.s:4913   .debug_str:0000000000000412 .LASF52
     /tmp/ccxAiwcV.s:4921   .debug_str:0000000000000440 .LASF54
     /tmp/ccxAiwcV.s:5127   .debug_str:0000000000000ae4 .LASF20
     /tmp/ccxAiwcV.s:5121   .debug_str:0000000000000aa5 .LASF22
     /tmp/ccxAiwcV.s:5045   .debug_str:0000000000000801 .LASF24
     /tmp/ccxAiwcV.s:4991   .debug_str:000000000000066d .LASF26
     /tmp/ccxAiwcV.s:5023   .debug_str:000000000000075f .LASF21
     /tmp/ccxAiwcV.s:5027   .debug_str:0000000000000784 .LASF23
     /tmp/ccxAiwcV.s:4987   .debug_str:0000000000000652 .LASF25
     /tmp/ccxAiwcV.s:4947   .debug_str:000000000000053b .LASF27
     /tmp/ccxAiwcV.s:5165   .debug_str:0000000000000bb9 .LASF28
     /tmp/ccxAiwcV.s:5111   .debug_str:0000000000000a4b .LASF29
     /tmp/ccxAiwcV.s:4983   .debug_str:0000000000000645 .LASF30
     /tmp/ccxAiwcV.s:4989   .debug_str:0000000000000659 .LASF31
     /tmp/ccxAiwcV.s:4961   .debug_str:00000000000005c2 .LASF32
     /tmp/ccxAiwcV.s:5031   .debug_str:00000000000007a1 .LASF33
     /tmp/ccxAiwcV.s:5185   .debug_str:0000000000000c60 .LASF34
     /tmp/ccxAiwcV.s:4933   .debug_str:00000000000004ab .LASF35
     /tmp/ccxAiwcV.s:5083   .debug_str:00000000000008ea .LASF36
     /tmp/ccxAiwcV.s:5061   .debug_str:000000000000085c .LASF37
     /tmp/ccxAiwcV.s:5063   .debug_str:000000000000086f .LASF38
     /tmp/ccxAiwcV.s:4847   .debug_str:00000000000001b4 .LASF39
     /tmp/ccxAiwcV.s:4877   .debug_str:00000000000002b5 .LASF40
     /tmp/ccxAiwcV.s:4919   .debug_str:000000000000042e .LASF41
     /tmp/ccxAiwcV.s:4931   .debug_str:00000000000004a5 .LASF42
     /tmp/ccxAiwcV.s:4867   .debug_str:0000000000000265 .LASF43
     /tmp/ccxAiwcV.s:4815   .debug_str:0000000000000099 .LASF44
     /tmp/ccxAiwcV.s:5053   .debug_str:000000000000082d .LASF45
     /tmp/ccxAiwcV.s:5047   .debug_str:000000000000080a .LASF46
     /tmp/ccxAiwcV.s:5179   .debug_str:0000000000000c30 .LASF47
     /tmp/ccxAiwcV.s:5151   .debug_str:0000000000000b82 .LASF48
     /tmp/ccxAiwcV.s:5171   .debug_str:0000000000000bda .LASF49
     /tmp/ccxAiwcV.s:5141   .debug_str:0000000000000b48 .LASF50
     /tmp/ccxAiwcV.s:4975   .debug_str:000000000000060e .LASF51
     /tmp/ccxAiwcV.s:5161   .debug_str:0000000000000ba0 .LASF53
     /tmp/ccxAiwcV.s:4907   .debug_str:00000000000003e0 .LASF55
GAS LISTING /tmp/ccxAiwcV.s 			page 40


     /tmp/ccxAiwcV.s:5153   .debug_str:0000000000000b8c .LASF56
     /tmp/ccxAiwcV.s:5001   .debug_str:00000000000006a4 .LASF57
     /tmp/ccxAiwcV.s:5155   .debug_str:0000000000000b91 .LASF58
     /tmp/ccxAiwcV.s:4937   .debug_str:00000000000004d1 .LASF59
     /tmp/ccxAiwcV.s:5157   .debug_str:0000000000000b96 .LASF60
     /tmp/ccxAiwcV.s:4833   .debug_str:000000000000013e .LASF61
     /tmp/ccxAiwcV.s:5159   .debug_str:0000000000000b9b .LASF62
     /tmp/ccxAiwcV.s:5187   .debug_str:0000000000000c68 .LASF63
     /tmp/ccxAiwcV.s:4995   .debug_str:0000000000000688 .LASF64
     /tmp/ccxAiwcV.s:5117   .debug_str:0000000000000a8c .LASF65
     /tmp/ccxAiwcV.s:5065   .debug_str:0000000000000876 .LASF66
     /tmp/ccxAiwcV.s:4885   .debug_str:0000000000000303 .LASF67
     /tmp/ccxAiwcV.s:4929   .debug_str:0000000000000498 .LASF68
     /tmp/ccxAiwcV.s:5135   .debug_str:0000000000000b1a .LASF69
     /tmp/ccxAiwcV.s:5015   .debug_str:0000000000000717 .LASF128
     /tmp/ccxAiwcV.s:4941   .debug_str:00000000000004e9 .LASF130
     /tmp/ccxAiwcV.s:5005   .debug_str:00000000000006cb .LASF71
     /tmp/ccxAiwcV.s:5137   .debug_str:0000000000000b34 .LASF72
     /tmp/ccxAiwcV.s:5115   .debug_str:0000000000000a69 .LASF73
     /tmp/ccxAiwcV.s:4797   .debug_str:0000000000000000 .LASF79
     /tmp/ccxAiwcV.s:4923   .debug_str:0000000000000458 .LASF81
     /tmp/ccxAiwcV.s:4825   .debug_str:000000000000010f .LASF74
     /tmp/ccxAiwcV.s:5085   .debug_str:00000000000008f1 .LASF75
     /tmp/ccxAiwcV.s:5011   .debug_str:00000000000006fa .LASF76
     /tmp/ccxAiwcV.s:5129   .debug_str:0000000000000aed .LASF188
     /tmp/ccxAiwcV.s:5081   .debug_str:00000000000008e5 .LASF77
     /tmp/ccxAiwcV.s:4985   .debug_str:000000000000064d .LASF78
     /tmp/ccxAiwcV.s:4979   .debug_str:0000000000000629 .LASF80
     /tmp/ccxAiwcV.s:5075   .debug_str:00000000000008bf .LASF82
     /tmp/ccxAiwcV.s:4891   .debug_str:0000000000000344 .LASF88
     /tmp/ccxAiwcV.s:5051   .debug_str:0000000000000823 .LASF189
     /tmp/ccxAiwcV.s:5039   .debug_str:00000000000007d0 .LASF190
     /tmp/ccxAiwcV.s:4951   .debug_str:000000000000057a .LASF83
     /tmp/ccxAiwcV.s:4837   .debug_str:0000000000000164 .LASF84
     /tmp/ccxAiwcV.s:4963   .debug_str:00000000000005ca .LASF85
     /tmp/ccxAiwcV.s:4883   .debug_str:00000000000002e7 .LASF86
     /tmp/ccxAiwcV.s:5007   .debug_str:00000000000006db .LASF87
     /tmp/ccxAiwcV.s:5143   .debug_str:0000000000000b52 .LASF89
     /tmp/ccxAiwcV.s:5189   .debug_str:0000000000000c79 .LASF90
     /tmp/ccxAiwcV.s:5177   .debug_str:0000000000000c15 .LASF91
     /tmp/ccxAiwcV.s:5069   .debug_str:0000000000000895 .LASF92
     /tmp/ccxAiwcV.s:4943   .debug_str:000000000000050b .LASF93
     /tmp/ccxAiwcV.s:5033   .debug_str:00000000000007b5 .LASF94
     /tmp/ccxAiwcV.s:4805   .debug_str:000000000000002a .LASF95
     /tmp/ccxAiwcV.s:5089   .debug_str:000000000000091f .LASF191
     /tmp/ccxAiwcV.s:5059   .debug_str:0000000000000857 .LASF96
     /tmp/ccxAiwcV.s:4809   .debug_str:000000000000006c .LASF97
     /tmp/ccxAiwcV.s:5091   .debug_str:0000000000000927 .LASF98
     /tmp/ccxAiwcV.s:4981   .debug_str:000000000000062e .LASF99
     /tmp/ccxAiwcV.s:4829   .debug_str:0000000000000124 .LASF100
     /tmp/ccxAiwcV.s:5123   .debug_str:0000000000000aba .LASF101
     /tmp/ccxAiwcV.s:5163   .debug_str:0000000000000baf .LASF102
     /tmp/ccxAiwcV.s:4835   .debug_str:000000000000014f .LASF103
     /tmp/ccxAiwcV.s:5093   .debug_str:0000000000000932 .LASF104
     /tmp/ccxAiwcV.s:4853   .debug_str:00000000000001f0 .LASF105
     /tmp/ccxAiwcV.s:4957   .debug_str:000000000000059c .LASF106
     /tmp/ccxAiwcV.s:5131   .debug_str:0000000000000af2 .LASF107
GAS LISTING /tmp/ccxAiwcV.s 			page 41


     /tmp/ccxAiwcV.s:5109   .debug_str:0000000000000a3e .LASF108
     /tmp/ccxAiwcV.s:4817   .debug_str:00000000000000a4 .LASF109
     /tmp/ccxAiwcV.s:4999   .debug_str:000000000000069f .LASF192
     /tmp/ccxAiwcV.s:5097   .debug_str:0000000000000942 .LASF110
     /tmp/ccxAiwcV.s:4897   .debug_str:000000000000037b .LASF111
     /tmp/ccxAiwcV.s:5183   .debug_str:0000000000000c55 .LASF112
     /tmp/ccxAiwcV.s:5017   .debug_str:000000000000072c .LASF113
     /tmp/ccxAiwcV.s:4955   .debug_str:0000000000000596 .LASF114
     /tmp/ccxAiwcV.s:5043   .debug_str:00000000000007f1 .LASF115
     /tmp/ccxAiwcV.s:5099   .debug_str:0000000000000957 .LASF116
     /tmp/ccxAiwcV.s:4895   .debug_str:000000000000036a .LASF117
     /tmp/ccxAiwcV.s:5103   .debug_str:0000000000000965 .LASF118
     /tmp/ccxAiwcV.s:4871   .debug_str:0000000000000289 .LASF119
     /tmp/ccxAiwcV.s:4849   .debug_str:00000000000001c7 .LASF120
     /tmp/ccxAiwcV.s:5021   .debug_str:000000000000074a .LASF166
     /tmp/ccxAiwcV.s:4799   .debug_str:000000000000000b .LASF121
     /tmp/ccxAiwcV.s:4969   .debug_str:00000000000005de .LASF122
     /tmp/ccxAiwcV.s:5119   .debug_str:0000000000000a9d .LASF123
     /tmp/ccxAiwcV.s:5113   .debug_str:0000000000000a5f .LASF124
     /tmp/ccxAiwcV.s:5071   .debug_str:00000000000008a0 .LASF125
     /tmp/ccxAiwcV.s:5019   .debug_str:0000000000000742 .LASF126
     /tmp/ccxAiwcV.s:4827   .debug_str:0000000000000119 .LASF127
     /tmp/ccxAiwcV.s:4831   .debug_str:0000000000000130 .LASF129
     /tmp/ccxAiwcV.s:4959   .debug_str:00000000000005a9 .LASF131
     /tmp/ccxAiwcV.s:4861   .debug_str:0000000000000233 .LASF193
     /tmp/ccxAiwcV.s:4807   .debug_str:0000000000000044 .LASF194
     /tmp/ccxAiwcV.s:5175   .debug_str:0000000000000c0f .LASF132
     /tmp/ccxAiwcV.s:5013   .debug_str:0000000000000704 .LASF133
     /tmp/ccxAiwcV.s:4803   .debug_str:0000000000000022 .LASF134
     /tmp/ccxAiwcV.s:4997   .debug_str:000000000000068d .LASF135
     /tmp/ccxAiwcV.s:5067   .debug_str:0000000000000884 .LASF195
     /tmp/ccxAiwcV.s:5055   .debug_str:0000000000000845 .LASF136
     /tmp/ccxAiwcV.s:5169   .debug_str:0000000000000bcf .LASF137
     /tmp/ccxAiwcV.s:5139   .debug_str:0000000000000b3f .LASF138
     /tmp/ccxAiwcV.s:4901   .debug_str:00000000000003b7 .LASF139
     /tmp/ccxAiwcV.s:5041   .debug_str:00000000000007e7 .LASF140
     /tmp/ccxAiwcV.s:4801   .debug_str:0000000000000010 .LASF141
     /tmp/ccxAiwcV.s:5101   .debug_str:000000000000095c .LASF142
     /tmp/ccxAiwcV.s:4971   .debug_str:00000000000005e4 .LASF143
     /tmp/ccxAiwcV.s:4839   .debug_str:0000000000000181 .LASF144
     /tmp/ccxAiwcV.s:4811   .debug_str:0000000000000078 .LASF145
     /tmp/ccxAiwcV.s:5037   .debug_str:00000000000007c6 .LASF146
     /tmp/ccxAiwcV.s:4889   .debug_str:000000000000032a .LASF147
     /tmp/ccxAiwcV.s:4939   .debug_str:00000000000004e2 .LASF148
     /tmp/ccxAiwcV.s:4819   .debug_str:00000000000000c8 .LASF149
     /tmp/ccxAiwcV.s:5029   .debug_str:0000000000000797 .LASF150
     /tmp/ccxAiwcV.s:4875   .debug_str:0000000000000297 .LASF151
     /tmp/ccxAiwcV.s:4855   .debug_str:0000000000000206 .LASF152
     /tmp/ccxAiwcV.s:5025   .debug_str:0000000000000766 .LASF153
     /tmp/ccxAiwcV.s:4915   .debug_str:000000000000041d .LASF154
     /tmp/ccxAiwcV.s:4821   .debug_str:00000000000000e0 .LASF155
     /tmp/ccxAiwcV.s:5079   .debug_str:00000000000008d9 .LASF156
     /tmp/ccxAiwcV.s:5173   .debug_str:0000000000000bf0 .LASF157
     /tmp/ccxAiwcV.s:5181   .debug_str:0000000000000c48 .LASF158
     /tmp/ccxAiwcV.s:4869   .debug_str:0000000000000277 .LASF159
     /tmp/ccxAiwcV.s:4973   .debug_str:00000000000005fe .LASF160
     /tmp/ccxAiwcV.s:4859   .debug_str:0000000000000221 .LASF161
GAS LISTING /tmp/ccxAiwcV.s 			page 42


     /tmp/ccxAiwcV.s:4927   .debug_str:0000000000000488 .LASF162
     /tmp/ccxAiwcV.s:5125   .debug_str:0000000000000ad1 .LASF163
     /tmp/ccxAiwcV.s:4905   .debug_str:00000000000003cd .LASF164
     /tmp/ccxAiwcV.s:4823   .debug_str:00000000000000fc .LASF165
     /tmp/ccxAiwcV.s:5003   .debug_str:00000000000006b5 .LASF196
     /tmp/ccxAiwcV.s:4851   .debug_str:00000000000001da .LASF167
     /tmp/ccxAiwcV.s:4993   .debug_str:0000000000000682 .LASF168
     /tmp/ccxAiwcV.s:4879   .debug_str:00000000000002bb .LASF169
     /tmp/ccxAiwcV.s:4865   .debug_str:000000000000024d .LASF170
     /tmp/ccxAiwcV.s:4873   .debug_str:0000000000000292 .LASF171
     /tmp/ccxAiwcV.s:5145   .debug_str:0000000000000b70 .LASF172
     /tmp/ccxAiwcV.s:5095   .debug_str:000000000000093d .LASF173
     /tmp/ccxAiwcV.s:4967   .debug_str:00000000000005d9 .LASF174
     /tmp/ccxAiwcV.s:62     .text:0000000000000028 .LFB58
     /tmp/ccxAiwcV.s:1180   .text:00000000000002e4 .LFE58
     /tmp/ccxAiwcV.s:4103   .debug_loc:0000000000000000 .LLST1
     /tmp/ccxAiwcV.s:4174   .debug_loc:0000000000000153 .LLST2
     /tmp/ccxAiwcV.s:4245   .debug_loc:00000000000002a6 .LLST3
     /tmp/ccxAiwcV.s:4316   .debug_loc:00000000000003f9 .LLST4
     /tmp/ccxAiwcV.s:4845   .debug_str:00000000000001a9 .LASF175
     /tmp/ccxAiwcV.s:4387   .debug_loc:000000000000054c .LLST5
     /tmp/ccxAiwcV.s:5077   .debug_str:00000000000008d2 .LASF176
     /tmp/ccxAiwcV.s:4434   .debug_loc:000000000000062d .LLST6
     /tmp/ccxAiwcV.s:4757   .debug_ranges:0000000000000000 .Ldebug_ranges0
     /tmp/ccxAiwcV.s:5149   .debug_str:0000000000000b7d .LASF177
     /tmp/ccxAiwcV.s:636    .text:0000000000000144 .LBB225
     /tmp/ccxAiwcV.s:669    .text:000000000000015c .LBE225
     /tmp/ccxAiwcV.s:4911   .debug_str:000000000000040a .LASF178
     /tmp/ccxAiwcV.s:4539   .debug_loc:00000000000007b1 .LLST30
     /tmp/ccxAiwcV.s:4546   .debug_loc:00000000000007d4 .LLST31
     /tmp/ccxAiwcV.s:649    .text:0000000000000150 .LVL18
     /tmp/ccxAiwcV.s:711    .text:000000000000017c .LBB209
     /tmp/ccxAiwcV.s:742    .text:0000000000000194 .LBE209
     /tmp/ccxAiwcV.s:4553   .debug_loc:00000000000007f7 .LLST28
     /tmp/ccxAiwcV.s:4560   .debug_loc:000000000000081a .LLST29
     /tmp/ccxAiwcV.s:724    .text:0000000000000188 .LVL24
     /tmp/ccxAiwcV.s:747    .text:0000000000000198 .LBB194
     /tmp/ccxAiwcV.s:778    .text:00000000000001b0 .LBE194
     /tmp/ccxAiwcV.s:4567   .debug_loc:000000000000083d .LLST26
     /tmp/ccxAiwcV.s:4574   .debug_loc:0000000000000860 .LLST27
     /tmp/ccxAiwcV.s:760    .text:00000000000001a4 .LVL27
     /tmp/ccxAiwcV.s:783    .text:00000000000001b4 .LBB180
     /tmp/ccxAiwcV.s:814    .text:00000000000001cc .LBE180
     /tmp/ccxAiwcV.s:4581   .debug_loc:0000000000000883 .LLST24
     /tmp/ccxAiwcV.s:4588   .debug_loc:00000000000008a6 .LLST25
     /tmp/ccxAiwcV.s:796    .text:00000000000001c0 .LVL30
     /tmp/ccxAiwcV.s:819    .text:00000000000001d0 .LBB167
     /tmp/ccxAiwcV.s:850    .text:00000000000001e8 .LBE167
     /tmp/ccxAiwcV.s:4595   .debug_loc:00000000000008c9 .LLST22
     /tmp/ccxAiwcV.s:4602   .debug_loc:00000000000008ec .LLST23
     /tmp/ccxAiwcV.s:832    .text:00000000000001dc .LVL33
     /tmp/ccxAiwcV.s:855    .text:00000000000001ec .LBB155
     /tmp/ccxAiwcV.s:876    .text:00000000000001fc .LBE155
     /tmp/ccxAiwcV.s:4609   .debug_loc:000000000000090f .LLST21
     /tmp/ccxAiwcV.s:868    .text:00000000000001f8 .LVL36
     /tmp/ccxAiwcV.s:881    .text:0000000000000200 .LBB144
     /tmp/ccxAiwcV.s:915    .text:000000000000021c .LBE144
GAS LISTING /tmp/ccxAiwcV.s 			page 43


     /tmp/ccxAiwcV.s:4616   .debug_loc:0000000000000932 .LLST19
     /tmp/ccxAiwcV.s:5035   .debug_str:00000000000007be .LASF179
     /tmp/ccxAiwcV.s:4623   .debug_loc:0000000000000955 .LLST20
     /tmp/ccxAiwcV.s:901    .text:0000000000000210 .LVL40
     /tmp/ccxAiwcV.s:920    .text:0000000000000220 .LBB134
     /tmp/ccxAiwcV.s:941    .text:0000000000000230 .LBE134
     /tmp/ccxAiwcV.s:4636   .debug_loc:000000000000098d .LLST18
     /tmp/ccxAiwcV.s:933    .text:000000000000022c .LVL44
     /tmp/ccxAiwcV.s:946    .text:0000000000000234 .LBB125
     /tmp/ccxAiwcV.s:967    .text:0000000000000244 .LBE125
     /tmp/ccxAiwcV.s:4643   .debug_loc:00000000000009b0 .LLST17
     /tmp/ccxAiwcV.s:959    .text:0000000000000240 .LVL47
     /tmp/ccxAiwcV.s:972    .text:0000000000000248 .LBB117
     /tmp/ccxAiwcV.s:1008   .text:0000000000000268 .LBE117
     /tmp/ccxAiwcV.s:4650   .debug_loc:00000000000009d3 .LLST15
     /tmp/ccxAiwcV.s:4657   .debug_loc:00000000000009f6 .LLST16
     /tmp/ccxAiwcV.s:994    .text:000000000000025c .LVL52
     /tmp/ccxAiwcV.s:1013   .text:000000000000026c .LBB110
     /tmp/ccxAiwcV.s:1034   .text:000000000000027c .LBE110
     /tmp/ccxAiwcV.s:4670   .debug_loc:0000000000000a2e .LLST14
     /tmp/ccxAiwcV.s:1026   .text:0000000000000278 .LVL56
     /tmp/ccxAiwcV.s:1039   .text:0000000000000280 .LBB104
     /tmp/ccxAiwcV.s:1060   .text:0000000000000290 .LBE104
     /tmp/ccxAiwcV.s:4677   .debug_loc:0000000000000a51 .LLST13
     /tmp/ccxAiwcV.s:1052   .text:000000000000028c .LVL59
     /tmp/ccxAiwcV.s:1065   .text:0000000000000294 .LBB99
     /tmp/ccxAiwcV.s:1086   .text:00000000000002a4 .LBE99
     /tmp/ccxAiwcV.s:4684   .debug_loc:0000000000000a74 .LLST12
     /tmp/ccxAiwcV.s:1078   .text:00000000000002a0 .LVL62
     /tmp/ccxAiwcV.s:1091   .text:00000000000002a8 .LBB95
     /tmp/ccxAiwcV.s:1122   .text:00000000000002c0 .LBE95
     /tmp/ccxAiwcV.s:4691   .debug_loc:0000000000000a97 .LLST10
     /tmp/ccxAiwcV.s:4698   .debug_loc:0000000000000aba .LLST11
     /tmp/ccxAiwcV.s:1104   .text:00000000000002b4 .LVL65
     /tmp/ccxAiwcV.s:1127   .text:00000000000002c4 .LBB93
     /tmp/ccxAiwcV.s:1150   .text:00000000000002d8 .LBE93
     /tmp/ccxAiwcV.s:4705   .debug_loc:0000000000000add .LLST9
     /tmp/ccxAiwcV.s:1142   .text:00000000000002d4 .LVL69
     /tmp/ccxAiwcV.s:576    .text:000000000000012c .LBB88
     /tmp/ccxAiwcV.s:620    .text:0000000000000144 .LBE88
     /tmp/ccxAiwcV.s:587    .text:0000000000000130 .LBB89
     /tmp/ccxAiwcV.s:599    .text:0000000000000138 .LBE89
     /tmp/ccxAiwcV.s:4712   .debug_loc:0000000000000b00 .LLST7
     /tmp/ccxAiwcV.s:604    .text:000000000000013c .LBB91
     /tmp/ccxAiwcV.s:615    .text:0000000000000140 .LBE91
     /tmp/ccxAiwcV.s:4721   .debug_loc:0000000000000b26 .LLST8
     /tmp/ccxAiwcV.s:191    .text:0000000000000098 .LBB70
     /tmp/ccxAiwcV.s:207    .text:00000000000000a4 .LBE70
     /tmp/ccxAiwcV.s:675    .text:0000000000000160 .LBB242
     /tmp/ccxAiwcV.s:687    .text:0000000000000164 .LBE242
     /tmp/ccxAiwcV.s:4728   .debug_loc:0000000000000b49 .LLST32
     /tmp/ccxAiwcV.s:78     .text:0000000000000040 .LBB58
     /tmp/ccxAiwcV.s:91     .text:0000000000000044 .LBE58
     /tmp/ccxAiwcV.s:93     .text:0000000000000044 .LBB60
     /tmp/ccxAiwcV.s:106    .text:0000000000000048 .LBE60
     /tmp/ccxAiwcV.s:108    .text:0000000000000048 .LBB62
     /tmp/ccxAiwcV.s:121    .text:000000000000004c .LBE62
GAS LISTING /tmp/ccxAiwcV.s 			page 44


     /tmp/ccxAiwcV.s:123    .text:000000000000004c .LBB64
     /tmp/ccxAiwcV.s:136    .text:0000000000000050 .LBE64
     /tmp/ccxAiwcV.s:147    .text:0000000000000054 .LBB66
     /tmp/ccxAiwcV.s:163    .text:0000000000000060 .LBE66
     /tmp/ccxAiwcV.s:185    .text:0000000000000094 .LVL9
     /tmp/ccxAiwcV.s:10     .text:0000000000000000 .LFB57
     /tmp/ccxAiwcV.s:56     .text:0000000000000028 .LFE57
     /tmp/ccxAiwcV.s:22     .text:000000000000000c .LBB56
     /tmp/ccxAiwcV.s:35     .text:0000000000000014 .LBE56
     /tmp/ccxAiwcV.s:4735   .debug_loc:0000000000000b6c .LLST0
     /tmp/ccxAiwcV.s:4977   .debug_str:0000000000000624 .LASF180
     /tmp/ccxAiwcV.s:4917   .debug_str:0000000000000427 .LASF181
     /tmp/ccxAiwcV.s:4965   .debug_str:00000000000005d2 .LASF182
     /tmp/ccxAiwcV.s:4903   .debug_str:00000000000003bd .LASF183
     /tmp/ccxAiwcV.s:87     .text:0000000000000044 .LVL2
     /tmp/ccxAiwcV.s:173    .text:0000000000000070 .LVL8
     /tmp/ccxAiwcV.s:187    .text:0000000000000098 .LVL10
     /tmp/ccxAiwcV.s:584    .text:0000000000000130 .LVL12
     /tmp/ccxAiwcV.s:618    .text:0000000000000144 .LVL16
     /tmp/ccxAiwcV.s:704    .text:000000000000017c .LVL22
     /tmp/ccxAiwcV.s:744    .text:0000000000000198 .LVL25
     /tmp/ccxAiwcV.s:780    .text:00000000000001b4 .LVL28
     /tmp/ccxAiwcV.s:816    .text:00000000000001d0 .LVL31
     /tmp/ccxAiwcV.s:852    .text:00000000000001ec .LVL34
     /tmp/ccxAiwcV.s:878    .text:0000000000000200 .LVL37
     /tmp/ccxAiwcV.s:917    .text:0000000000000220 .LVL42
     /tmp/ccxAiwcV.s:943    .text:0000000000000234 .LVL45
     /tmp/ccxAiwcV.s:969    .text:0000000000000248 .LVL48
     /tmp/ccxAiwcV.s:1010   .text:000000000000026c .LVL54
     /tmp/ccxAiwcV.s:1036   .text:0000000000000280 .LVL57
     /tmp/ccxAiwcV.s:1062   .text:0000000000000294 .LVL60
     /tmp/ccxAiwcV.s:1088   .text:00000000000002a8 .LVL63
     /tmp/ccxAiwcV.s:1124   .text:00000000000002c4 .LVL66
     /tmp/ccxAiwcV.s:102    .text:0000000000000048 .LVL3
     /tmp/ccxAiwcV.s:1140   .text:00000000000002cc .LVL68
     /tmp/ccxAiwcV.s:1152   .text:00000000000002dc .LVL70
     /tmp/ccxAiwcV.s:117    .text:000000000000004c .LVL4
     /tmp/ccxAiwcV.s:992    .text:0000000000000254 .LVL51
     /tmp/ccxAiwcV.s:132    .text:0000000000000050 .LVL5
     /tmp/ccxAiwcV.s:144    .text:0000000000000054 .LVL6
     /tmp/ccxAiwcV.s:666    .text:000000000000015c .LVL19
     /tmp/ccxAiwcV.s:863    .text:00000000000001f0 .LVL35
     /tmp/ccxAiwcV.s:896    .text:0000000000000208 .LVL39
     /tmp/ccxAiwcV.s:928    .text:0000000000000224 .LVL43
     /tmp/ccxAiwcV.s:954    .text:0000000000000238 .LVL46
     /tmp/ccxAiwcV.s:987    .text:0000000000000250 .LVL50
     /tmp/ccxAiwcV.s:1021   .text:0000000000000270 .LVL55
     /tmp/ccxAiwcV.s:1047   .text:0000000000000284 .LVL58
     /tmp/ccxAiwcV.s:1073   .text:0000000000000298 .LVL61
     /tmp/ccxAiwcV.s:1135   .text:00000000000002c8 .LVL67
     /tmp/ccxAiwcV.s:161    .text:0000000000000060 .LVL7
     /tmp/ccxAiwcV.s:200    .text:000000000000009c .LVL11
     /tmp/ccxAiwcV.s:644    .text:0000000000000148 .LVL17
     /tmp/ccxAiwcV.s:719    .text:0000000000000180 .LVL23
     /tmp/ccxAiwcV.s:755    .text:000000000000019c .LVL26
     /tmp/ccxAiwcV.s:791    .text:00000000000001b8 .LVL29
     /tmp/ccxAiwcV.s:827    .text:00000000000001d4 .LVL32
GAS LISTING /tmp/ccxAiwcV.s 			page 45


     /tmp/ccxAiwcV.s:889    .text:0000000000000204 .LVL38
     /tmp/ccxAiwcV.s:912    .text:0000000000000218 .LVL41
     /tmp/ccxAiwcV.s:980    .text:000000000000024c .LVL49
     /tmp/ccxAiwcV.s:1005   .text:0000000000000264 .LVL53
     /tmp/ccxAiwcV.s:1099   .text:00000000000002ac .LVL64
     /tmp/ccxAiwcV.s:596    .text:0000000000000138 .LVL13
     /tmp/ccxAiwcV.s:603    .text:000000000000013c .LVL14
     /tmp/ccxAiwcV.s:612    .text:0000000000000140 .LVL15
     /tmp/ccxAiwcV.s:674    .text:0000000000000160 .LVL20
     /tmp/ccxAiwcV.s:683    .text:0000000000000164 .LVL21
     /tmp/ccxAiwcV.s:21     .text:000000000000000c .LVL0
     /tmp/ccxAiwcV.s:32     .text:0000000000000014 .LVL1
     /tmp/ccxAiwcV.s:1191   .debug_info:0000000000000000 .Ldebug_info0
     /tmp/ccxAiwcV.s:189    .text:0000000000000098 .LBB69
     /tmp/ccxAiwcV.s:217    .text:00000000000000b4 .LBE69
     /tmp/ccxAiwcV.s:221    .text:00000000000000b4 .LBB245
     /tmp/ccxAiwcV.s:228    .text:00000000000000bc .LBE245
     /tmp/ccxAiwcV.s:232    .text:00000000000000bc .LBB246
     /tmp/ccxAiwcV.s:241    .text:00000000000000c4 .LBE246
     /tmp/ccxAiwcV.s:245    .text:00000000000000c4 .LBB247
     /tmp/ccxAiwcV.s:256    .text:00000000000000cc .LBE247
     /tmp/ccxAiwcV.s:260    .text:00000000000000cc .LBB248
     /tmp/ccxAiwcV.s:273    .text:00000000000000d4 .LBE248
     /tmp/ccxAiwcV.s:277    .text:00000000000000d4 .LBB249
     /tmp/ccxAiwcV.s:292    .text:00000000000000dc .LBE249
     /tmp/ccxAiwcV.s:296    .text:00000000000000dc .LBB250
     /tmp/ccxAiwcV.s:313    .text:00000000000000e4 .LBE250
     /tmp/ccxAiwcV.s:317    .text:00000000000000e4 .LBB251
     /tmp/ccxAiwcV.s:336    .text:00000000000000ec .LBE251
     /tmp/ccxAiwcV.s:340    .text:00000000000000ec .LBB252
     /tmp/ccxAiwcV.s:361    .text:00000000000000f4 .LBE252
     /tmp/ccxAiwcV.s:365    .text:00000000000000f4 .LBB253
     /tmp/ccxAiwcV.s:388    .text:00000000000000fc .LBE253
     /tmp/ccxAiwcV.s:392    .text:00000000000000fc .LBB254
     /tmp/ccxAiwcV.s:417    .text:0000000000000104 .LBE254
     /tmp/ccxAiwcV.s:421    .text:0000000000000104 .LBB255
     /tmp/ccxAiwcV.s:448    .text:000000000000010c .LBE255
     /tmp/ccxAiwcV.s:452    .text:000000000000010c .LBB256
     /tmp/ccxAiwcV.s:481    .text:0000000000000114 .LBE256
     /tmp/ccxAiwcV.s:485    .text:0000000000000114 .LBB257
     /tmp/ccxAiwcV.s:516    .text:000000000000011c .LBE257
     /tmp/ccxAiwcV.s:520    .text:000000000000011c .LBB258
     /tmp/ccxAiwcV.s:553    .text:0000000000000124 .LBE258
     /tmp/ccxAiwcV.s:557    .text:0000000000000124 .LBB259
     /tmp/ccxAiwcV.s:688    .text:0000000000000164 .LBE259
     /tmp/ccxAiwcV.s:708    .text:000000000000017c .LBB260
     /tmp/ccxAiwcV.s:1169   .text:00000000000002dc .LBE260

UNDEFINED SYMBOLS
console_handler
_ZN15MemoryAllocator10_mem_allocEm
_ZN15MemoryAllocator9_mem_freeEPv
_ZN3TCB20createThreadNotStartEPPS_PFvPvES2_
_ZN3TCB5startEPPS_
_ZN3TCB12createThreadEPPS_PFvPvES2_
_ZN3TCB10exitThreadEv
_ZN3TCB8dispatchEv
GAS LISTING /tmp/ccxAiwcV.s 			page 46


_ZN3TCB4joinEPS_
_ZN3TCB5yieldEv
_ZN9semaphore9_sem_openEPPS_j
_ZN9semaphore10_sem_closeEPS_
_ZN9semaphore9_sem_waitEPS_
_ZN9semaphore11_sem_signalEPS_
__getc
__putc
